feature,element,pearson_r,p_value,abs_r
Blue_w1_mean,N_%,0.3120,0.0019,0.3120
Blue_w1_mean,P_%,0.1167,0.2550,0.1167
Blue_w1_mean,K_%,0.2149,0.0346,0.2149
Blue_w1_mean,Ca_%,-0.0690,0.5016,0.0690
Blue_w1_mean,Mg_%,-0.0776,0.4499,0.0776
Blue_w1_mean,S_%,0.2048,0.0442,0.2048
Blue_w1_mean,Нитраты_мг_кг,0.1145,0.2668,0.1145
Blue_w1_mean,Fe_мг_кг,0.3038,0.0025,0.3038
Blue_w1_mean,Mn_мг_кг,-0.0190,0.8533,0.0190
Blue_w1_mean,Cu_мг_кг,0.2129,0.0363,0.2129
Blue_w1_mean,Zn_мг_кг,0.2758,0.0062,0.2758
Blue_w1_mean,Co_мг_кг,0.1136,0.4523,0.1136
Blue_w1_std,N_%,,,
Blue_w1_std,P_%,,,
Blue_w1_std,K_%,,,
Blue_w1_std,Ca_%,,,
Blue_w1_std,Mg_%,,,
Blue_w1_std,S_%,,,
Blue_w1_std,Нитраты_мг_кг,,,
Blue_w1_std,Fe_мг_кг,,,
Blue_w1_std,Mn_мг_кг,,,
Blue_w1_std,Cu_мг_кг,,,
Blue_w1_std,Zn_мг_кг,,,
Blue_w1_std,Co_мг_кг,,,
Blue_w1_median,N_%,0.3120,0.0019,0.3120
Blue_w1_median,P_%,0.1167,0.2550,0.1167
Blue_w1_median,K_%,0.2149,0.0346,0.2149
Blue_w1_median,Ca_%,-0.0690,0.5016,0.0690
Blue_w1_median,Mg_%,-0.0776,0.4499,0.0776
Blue_w1_median,S_%,0.2048,0.0442,0.2048
Blue_w1_median,Нитраты_мг_кг,0.1145,0.2668,0.1145
Blue_w1_median,Fe_мг_кг,0.3038,0.0025,0.3038
Blue_w1_median,Mn_мг_кг,-0.0190,0.8533,0.0190
Blue_w1_median,Cu_мг_кг,0.2129,0.0363,0.2129
Blue_w1_median,Zn_мг_кг,0.2758,0.0062,0.2758
Blue_w1_median,Co_мг_кг,0.1136,0.4523,0.1136
Blue_w1_p25,N_%,0.3120,0.0019,0.3120
Blue_w1_p25,P_%,0.1167,0.2550,0.1167
Blue_w1_p25,K_%,0.2149,0.0346,0.2149
Blue_w1_p25,Ca_%,-0.0690,0.5016,0.0690
Blue_w1_p25,Mg_%,-0.0776,0.4499,0.0776
Blue_w1_p25,S_%,0.2048,0.0442,0.2048
Blue_w1_p25,Нитраты_мг_кг,0.1145,0.2668,0.1145
Blue_w1_p25,Fe_мг_кг,0.3038,0.0025,0.3038
Blue_w1_p25,Mn_мг_кг,-0.0190,0.8533,0.0190
Blue_w1_p25,Cu_мг_кг,0.2129,0.0363,0.2129
Blue_w1_p25,Zn_мг_кг,0.2758,0.0062,0.2758
Blue_w1_p25,Co_мг_кг,0.1136,0.4523,0.1136
Blue_w1_p75,N_%,0.3120,0.0019,0.3120
Blue_w1_p75,P_%,0.1167,0.2550,0.1167
Blue_w1_p75,K_%,0.2149,0.0346,0.2149
Blue_w1_p75,Ca_%,-0.0690,0.5016,0.0690
Blue_w1_p75,Mg_%,-0.0776,0.4499,0.0776
Blue_w1_p75,S_%,0.2048,0.0442,0.2048
Blue_w1_p75,Нитраты_мг_кг,0.1145,0.2668,0.1145
Blue_w1_p75,Fe_мг_кг,0.3038,0.0025,0.3038
Blue_w1_p75,Mn_мг_кг,-0.0190,0.8533,0.0190
Blue_w1_p75,Cu_мг_кг,0.2129,0.0363,0.2129
Blue_w1_p75,Zn_мг_кг,0.2758,0.0062,0.2758
Blue_w1_p75,Co_мг_кг,0.1136,0.4523,0.1136
Blue_w1_cv,N_%,,,
Blue_w1_cv,P_%,,,
Blue_w1_cv,K_%,,,
Blue_w1_cv,Ca_%,,,
Blue_w1_cv,Mg_%,,,
Blue_w1_cv,S_%,,,
Blue_w1_cv,Нитраты_мг_кг,,,
Blue_w1_cv,Fe_мг_кг,,,
Blue_w1_cv,Mn_мг_кг,,,
Blue_w1_cv,Cu_мг_кг,,,
Blue_w1_cv,Zn_мг_кг,,,
Blue_w1_cv,Co_мг_кг,,,
Blue_w1_range,N_%,,,
Blue_w1_range,P_%,,,
Blue_w1_range,K_%,,,
Blue_w1_range,Ca_%,,,
Blue_w1_range,Mg_%,,,
Blue_w1_range,S_%,,,
Blue_w1_range,Нитраты_мг_кг,,,
Blue_w1_range,Fe_мг_кг,,,
Blue_w1_range,Mn_мг_кг,,,
Blue_w1_range,Cu_мг_кг,,,
Blue_w1_range,Zn_мг_кг,,,
Blue_w1_range,Co_мг_кг,,,
Green_w1_mean,N_%,0.3316,0.0009,0.3316
Green_w1_mean,P_%,0.2786,0.0057,0.2786
Green_w1_mean,K_%,0.3196,0.0014,0.3196
Green_w1_mean,Ca_%,0.0038,0.9708,0.0038
Green_w1_mean,Mg_%,-0.2344,0.0208,0.2344
Green_w1_mean,S_%,0.2864,0.0045,0.2864
Green_w1_mean,Нитраты_мг_кг,0.2069,0.0431,0.2069
Green_w1_mean,Fe_мг_кг,0.3728,0.0002,0.3728
Green_w1_mean,Mn_мг_кг,-0.1451,0.1562,0.1451
Green_w1_mean,Cu_мг_кг,0.1842,0.0708,0.1842
Green_w1_mean,Zn_мг_кг,0.2796,0.0055,0.2796
Green_w1_mean,Co_мг_кг,0.1362,0.3667,0.1362
Green_w1_std,N_%,,,
Green_w1_std,P_%,,,
Green_w1_std,K_%,,,
Green_w1_std,Ca_%,,,
Green_w1_std,Mg_%,,,
Green_w1_std,S_%,,,
Green_w1_std,Нитраты_мг_кг,,,
Green_w1_std,Fe_мг_кг,,,
Green_w1_std,Mn_мг_кг,,,
Green_w1_std,Cu_мг_кг,,,
Green_w1_std,Zn_мг_кг,,,
Green_w1_std,Co_мг_кг,,,
Green_w1_median,N_%,0.3316,0.0009,0.3316
Green_w1_median,P_%,0.2786,0.0057,0.2786
Green_w1_median,K_%,0.3196,0.0014,0.3196
Green_w1_median,Ca_%,0.0038,0.9708,0.0038
Green_w1_median,Mg_%,-0.2344,0.0208,0.2344
Green_w1_median,S_%,0.2864,0.0045,0.2864
Green_w1_median,Нитраты_мг_кг,0.2069,0.0431,0.2069
Green_w1_median,Fe_мг_кг,0.3728,0.0002,0.3728
Green_w1_median,Mn_мг_кг,-0.1451,0.1562,0.1451
Green_w1_median,Cu_мг_кг,0.1842,0.0708,0.1842
Green_w1_median,Zn_мг_кг,0.2796,0.0055,0.2796
Green_w1_median,Co_мг_кг,0.1362,0.3667,0.1362
Green_w1_p25,N_%,0.3316,0.0009,0.3316
Green_w1_p25,P_%,0.2786,0.0057,0.2786
Green_w1_p25,K_%,0.3196,0.0014,0.3196
Green_w1_p25,Ca_%,0.0038,0.9708,0.0038
Green_w1_p25,Mg_%,-0.2344,0.0208,0.2344
Green_w1_p25,S_%,0.2864,0.0045,0.2864
Green_w1_p25,Нитраты_мг_кг,0.2069,0.0431,0.2069
Green_w1_p25,Fe_мг_кг,0.3728,0.0002,0.3728
Green_w1_p25,Mn_мг_кг,-0.1451,0.1562,0.1451
Green_w1_p25,Cu_мг_кг,0.1842,0.0708,0.1842
Green_w1_p25,Zn_мг_кг,0.2796,0.0055,0.2796
Green_w1_p25,Co_мг_кг,0.1362,0.3667,0.1362
Green_w1_p75,N_%,0.3316,0.0009,0.3316
Green_w1_p75,P_%,0.2786,0.0057,0.2786
Green_w1_p75,K_%,0.3196,0.0014,0.3196
Green_w1_p75,Ca_%,0.0038,0.9708,0.0038
Green_w1_p75,Mg_%,-0.2344,0.0208,0.2344
Green_w1_p75,S_%,0.2864,0.0045,0.2864
Green_w1_p75,Нитраты_мг_кг,0.2069,0.0431,0.2069
Green_w1_p75,Fe_мг_кг,0.3728,0.0002,0.3728
Green_w1_p75,Mn_мг_кг,-0.1451,0.1562,0.1451
Green_w1_p75,Cu_мг_кг,0.1842,0.0708,0.1842
Green_w1_p75,Zn_мг_кг,0.2796,0.0055,0.2796
Green_w1_p75,Co_мг_кг,0.1362,0.3667,0.1362
Green_w1_cv,N_%,,,
Green_w1_cv,P_%,,,
Green_w1_cv,K_%,,,
Green_w1_cv,Ca_%,,,
Green_w1_cv,Mg_%,,,
Green_w1_cv,S_%,,,
Green_w1_cv,Нитраты_мг_кг,,,
Green_w1_cv,Fe_мг_кг,,,
Green_w1_cv,Mn_мг_кг,,,
Green_w1_cv,Cu_мг_кг,,,
Green_w1_cv,Zn_мг_кг,,,
Green_w1_cv,Co_мг_кг,,,
Green_w1_range,N_%,,,
Green_w1_range,P_%,,,
Green_w1_range,K_%,,,
Green_w1_range,Ca_%,,,
Green_w1_range,Mg_%,,,
Green_w1_range,S_%,,,
Green_w1_range,Нитраты_мг_кг,,,
Green_w1_range,Fe_мг_кг,,,
Green_w1_range,Mn_мг_кг,,,
Green_w1_range,Cu_мг_кг,,,
Green_w1_range,Zn_мг_кг,,,
Green_w1_range,Co_мг_кг,,,
Red_w1_mean,N_%,0.2550,0.0117,0.2550
Red_w1_mean,P_%,0.0827,0.4206,0.0827
Red_w1_mean,K_%,0.1650,0.1062,0.1650
Red_w1_mean,Ca_%,-0.0739,0.4721,0.0739
Red_w1_mean,Mg_%,-0.0862,0.4011,0.0862
Red_w1_mean,S_%,0.1723,0.0915,0.1723
Red_w1_mean,Нитраты_мг_кг,0.1215,0.2383,0.1215
Red_w1_mean,Fe_мг_кг,0.3107,0.0020,0.3107
Red_w1_mean,Mn_мг_кг,0.0559,0.5862,0.0559
Red_w1_mean,Cu_мг_кг,0.1767,0.0835,0.1767
Red_w1_mean,Zn_мг_кг,0.2161,0.0335,0.2161
Red_w1_mean,Co_мг_кг,0.1302,0.3885,0.1302
Red_w1_std,N_%,,,
Red_w1_std,P_%,,,
Red_w1_std,K_%,,,
Red_w1_std,Ca_%,,,
Red_w1_std,Mg_%,,,
Red_w1_std,S_%,,,
Red_w1_std,Нитраты_мг_кг,,,
Red_w1_std,Fe_мг_кг,,,
Red_w1_std,Mn_мг_кг,,,
Red_w1_std,Cu_мг_кг,,,
Red_w1_std,Zn_мг_кг,,,
Red_w1_std,Co_мг_кг,,,
Red_w1_median,N_%,0.2550,0.0117,0.2550
Red_w1_median,P_%,0.0827,0.4206,0.0827
Red_w1_median,K_%,0.1650,0.1062,0.1650
Red_w1_median,Ca_%,-0.0739,0.4721,0.0739
Red_w1_median,Mg_%,-0.0862,0.4011,0.0862
Red_w1_median,S_%,0.1723,0.0915,0.1723
Red_w1_median,Нитраты_мг_кг,0.1215,0.2383,0.1215
Red_w1_median,Fe_мг_кг,0.3107,0.0020,0.3107
Red_w1_median,Mn_мг_кг,0.0559,0.5862,0.0559
Red_w1_median,Cu_мг_кг,0.1767,0.0835,0.1767
Red_w1_median,Zn_мг_кг,0.2161,0.0335,0.2161
Red_w1_median,Co_мг_кг,0.1302,0.3885,0.1302
Red_w1_p25,N_%,0.2550,0.0117,0.2550
Red_w1_p25,P_%,0.0827,0.4206,0.0827
Red_w1_p25,K_%,0.1650,0.1062,0.1650
Red_w1_p25,Ca_%,-0.0739,0.4721,0.0739
Red_w1_p25,Mg_%,-0.0862,0.4011,0.0862
Red_w1_p25,S_%,0.1723,0.0915,0.1723
Red_w1_p25,Нитраты_мг_кг,0.1215,0.2383,0.1215
Red_w1_p25,Fe_мг_кг,0.3107,0.0020,0.3107
Red_w1_p25,Mn_мг_кг,0.0559,0.5862,0.0559
Red_w1_p25,Cu_мг_кг,0.1767,0.0835,0.1767
Red_w1_p25,Zn_мг_кг,0.2161,0.0335,0.2161
Red_w1_p25,Co_мг_кг,0.1302,0.3885,0.1302
Red_w1_p75,N_%,0.2550,0.0117,0.2550
Red_w1_p75,P_%,0.0827,0.4206,0.0827
Red_w1_p75,K_%,0.1650,0.1062,0.1650
Red_w1_p75,Ca_%,-0.0739,0.4721,0.0739
Red_w1_p75,Mg_%,-0.0862,0.4011,0.0862
Red_w1_p75,S_%,0.1723,0.0915,0.1723
Red_w1_p75,Нитраты_мг_кг,0.1215,0.2383,0.1215
Red_w1_p75,Fe_мг_кг,0.3107,0.0020,0.3107
Red_w1_p75,Mn_мг_кг,0.0559,0.5862,0.0559
Red_w1_p75,Cu_мг_кг,0.1767,0.0835,0.1767
Red_w1_p75,Zn_мг_кг,0.2161,0.0335,0.2161
Red_w1_p75,Co_мг_кг,0.1302,0.3885,0.1302
Red_w1_cv,N_%,,,
Red_w1_cv,P_%,,,
Red_w1_cv,K_%,,,
Red_w1_cv,Ca_%,,,
Red_w1_cv,Mg_%,,,
Red_w1_cv,S_%,,,
Red_w1_cv,Нитраты_мг_кг,,,
Red_w1_cv,Fe_мг_кг,,,
Red_w1_cv,Mn_мг_кг,,,
Red_w1_cv,Cu_мг_кг,,,
Red_w1_cv,Zn_мг_кг,,,
Red_w1_cv,Co_мг_кг,,,
Red_w1_range,N_%,,,
Red_w1_range,P_%,,,
Red_w1_range,K_%,,,
Red_w1_range,Ca_%,,,
Red_w1_range,Mg_%,,,
Red_w1_range,S_%,,,
Red_w1_range,Нитраты_мг_кг,,,
Red_w1_range,Fe_мг_кг,,,
Red_w1_range,Mn_мг_кг,,,
Red_w1_range,Cu_мг_кг,,,
Red_w1_range,Zn_мг_кг,,,
Red_w1_range,Co_мг_кг,,,
RedEdge_w1_mean,N_%,0.2716,0.0071,0.2716
RedEdge_w1_mean,P_%,0.3284,0.0010,0.3284
RedEdge_w1_mean,K_%,0.3194,0.0014,0.3194
RedEdge_w1_mean,Ca_%,0.0553,0.5905,0.0553
RedEdge_w1_mean,Mg_%,-0.2597,0.0102,0.2597
RedEdge_w1_mean,S_%,0.2336,0.0213,0.2336
RedEdge_w1_mean,Нитраты_мг_кг,0.2245,0.0279,0.2245
RedEdge_w1_mean,Fe_мг_кг,0.3289,0.0010,0.3289
RedEdge_w1_mean,Mn_мг_кг,-0.1722,0.0916,0.1722
RedEdge_w1_mean,Cu_мг_кг,0.1946,0.0561,0.1946
RedEdge_w1_mean,Zn_мг_кг,0.2729,0.0068,0.2729
RedEdge_w1_mean,Co_мг_кг,0.0930,0.5387,0.0930
RedEdge_w1_std,N_%,,,
RedEdge_w1_std,P_%,,,
RedEdge_w1_std,K_%,,,
RedEdge_w1_std,Ca_%,,,
RedEdge_w1_std,Mg_%,,,
RedEdge_w1_std,S_%,,,
RedEdge_w1_std,Нитраты_мг_кг,,,
RedEdge_w1_std,Fe_мг_кг,,,
RedEdge_w1_std,Mn_мг_кг,,,
RedEdge_w1_std,Cu_мг_кг,,,
RedEdge_w1_std,Zn_мг_кг,,,
RedEdge_w1_std,Co_мг_кг,,,
RedEdge_w1_median,N_%,0.2716,0.0071,0.2716
RedEdge_w1_median,P_%,0.3284,0.0010,0.3284
RedEdge_w1_median,K_%,0.3194,0.0014,0.3194
RedEdge_w1_median,Ca_%,0.0553,0.5905,0.0553
RedEdge_w1_median,Mg_%,-0.2597,0.0102,0.2597
RedEdge_w1_median,S_%,0.2336,0.0213,0.2336
RedEdge_w1_median,Нитраты_мг_кг,0.2245,0.0279,0.2245
RedEdge_w1_median,Fe_мг_кг,0.3289,0.0010,0.3289
RedEdge_w1_median,Mn_мг_кг,-0.1722,0.0916,0.1722
RedEdge_w1_median,Cu_мг_кг,0.1946,0.0561,0.1946
RedEdge_w1_median,Zn_мг_кг,0.2729,0.0068,0.2729
RedEdge_w1_median,Co_мг_кг,0.0930,0.5387,0.0930
RedEdge_w1_p25,N_%,0.2716,0.0071,0.2716
RedEdge_w1_p25,P_%,0.3284,0.0010,0.3284
RedEdge_w1_p25,K_%,0.3194,0.0014,0.3194
RedEdge_w1_p25,Ca_%,0.0553,0.5905,0.0553
RedEdge_w1_p25,Mg_%,-0.2597,0.0102,0.2597
RedEdge_w1_p25,S_%,0.2336,0.0213,0.2336
RedEdge_w1_p25,Нитраты_мг_кг,0.2245,0.0279,0.2245
RedEdge_w1_p25,Fe_мг_кг,0.3289,0.0010,0.3289
RedEdge_w1_p25,Mn_мг_кг,-0.1722,0.0916,0.1722
RedEdge_w1_p25,Cu_мг_кг,0.1946,0.0561,0.1946
RedEdge_w1_p25,Zn_мг_кг,0.2729,0.0068,0.2729
RedEdge_w1_p25,Co_мг_кг,0.0930,0.5387,0.0930
RedEdge_w1_p75,N_%,0.2716,0.0071,0.2716
RedEdge_w1_p75,P_%,0.3284,0.0010,0.3284
RedEdge_w1_p75,K_%,0.3194,0.0014,0.3194
RedEdge_w1_p75,Ca_%,0.0553,0.5905,0.0553
RedEdge_w1_p75,Mg_%,-0.2597,0.0102,0.2597
RedEdge_w1_p75,S_%,0.2336,0.0213,0.2336
RedEdge_w1_p75,Нитраты_мг_кг,0.2245,0.0279,0.2245
RedEdge_w1_p75,Fe_мг_кг,0.3289,0.0010,0.3289
RedEdge_w1_p75,Mn_мг_кг,-0.1722,0.0916,0.1722
RedEdge_w1_p75,Cu_мг_кг,0.1946,0.0561,0.1946
RedEdge_w1_p75,Zn_мг_кг,0.2729,0.0068,0.2729
RedEdge_w1_p75,Co_мг_кг,0.0930,0.5387,0.0930
RedEdge_w1_cv,N_%,,,
RedEdge_w1_cv,P_%,,,
RedEdge_w1_cv,K_%,,,
RedEdge_w1_cv,Ca_%,,,
RedEdge_w1_cv,Mg_%,,,
RedEdge_w1_cv,S_%,,,
RedEdge_w1_cv,Нитраты_мг_кг,,,
RedEdge_w1_cv,Fe_мг_кг,,,
RedEdge_w1_cv,Mn_мг_кг,,,
RedEdge_w1_cv,Cu_мг_кг,,,
RedEdge_w1_cv,Zn_мг_кг,,,
RedEdge_w1_cv,Co_мг_кг,,,
RedEdge_w1_range,N_%,,,
RedEdge_w1_range,P_%,,,
RedEdge_w1_range,K_%,,,
RedEdge_w1_range,Ca_%,,,
RedEdge_w1_range,Mg_%,,,
RedEdge_w1_range,S_%,,,
RedEdge_w1_range,Нитраты_мг_кг,,,
RedEdge_w1_range,Fe_мг_кг,,,
RedEdge_w1_range,Mn_мг_кг,,,
RedEdge_w1_range,Cu_мг_кг,,,
RedEdge_w1_range,Zn_мг_кг,,,
RedEdge_w1_range,Co_мг_кг,,,
NIR_w1_mean,N_%,0.2186,0.0315,0.2186
NIR_w1_mean,P_%,0.3834,0.0001,0.3834
NIR_w1_mean,K_%,0.2797,0.0055,0.2797
NIR_w1_mean,Ca_%,0.0874,0.3944,0.0874
NIR_w1_mean,Mg_%,-0.1831,0.0726,0.1831
NIR_w1_mean,S_%,0.2075,0.0414,0.2075
NIR_w1_mean,Нитраты_мг_кг,0.3022,0.0028,0.3022
NIR_w1_mean,Fe_мг_кг,0.0880,0.3914,0.0880
NIR_w1_mean,Mn_мг_кг,-0.2235,0.0277,0.2235
NIR_w1_mean,Cu_мг_кг,0.2166,0.0331,0.2166
NIR_w1_mean,Zn_мг_кг,0.2859,0.0045,0.2859
NIR_w1_mean,Co_мг_кг,0.0747,0.6218,0.0747
NIR_w1_std,N_%,,,
NIR_w1_std,P_%,,,
NIR_w1_std,K_%,,,
NIR_w1_std,Ca_%,,,
NIR_w1_std,Mg_%,,,
NIR_w1_std,S_%,,,
NIR_w1_std,Нитраты_мг_кг,,,
NIR_w1_std,Fe_мг_кг,,,
NIR_w1_std,Mn_мг_кг,,,
NIR_w1_std,Cu_мг_кг,,,
NIR_w1_std,Zn_мг_кг,,,
NIR_w1_std,Co_мг_кг,,,
NIR_w1_median,N_%,0.2186,0.0315,0.2186
NIR_w1_median,P_%,0.3834,0.0001,0.3834
NIR_w1_median,K_%,0.2797,0.0055,0.2797
NIR_w1_median,Ca_%,0.0874,0.3944,0.0874
NIR_w1_median,Mg_%,-0.1831,0.0726,0.1831
NIR_w1_median,S_%,0.2075,0.0414,0.2075
NIR_w1_median,Нитраты_мг_кг,0.3022,0.0028,0.3022
NIR_w1_median,Fe_мг_кг,0.0880,0.3914,0.0880
NIR_w1_median,Mn_мг_кг,-0.2235,0.0277,0.2235
NIR_w1_median,Cu_мг_кг,0.2166,0.0331,0.2166
NIR_w1_median,Zn_мг_кг,0.2859,0.0045,0.2859
NIR_w1_median,Co_мг_кг,0.0747,0.6218,0.0747
NIR_w1_p25,N_%,0.2186,0.0315,0.2186
NIR_w1_p25,P_%,0.3834,0.0001,0.3834
NIR_w1_p25,K_%,0.2797,0.0055,0.2797
NIR_w1_p25,Ca_%,0.0874,0.3944,0.0874
NIR_w1_p25,Mg_%,-0.1831,0.0726,0.1831
NIR_w1_p25,S_%,0.2075,0.0414,0.2075
NIR_w1_p25,Нитраты_мг_кг,0.3022,0.0028,0.3022
NIR_w1_p25,Fe_мг_кг,0.0880,0.3914,0.0880
NIR_w1_p25,Mn_мг_кг,-0.2235,0.0277,0.2235
NIR_w1_p25,Cu_мг_кг,0.2166,0.0331,0.2166
NIR_w1_p25,Zn_мг_кг,0.2859,0.0045,0.2859
NIR_w1_p25,Co_мг_кг,0.0747,0.6218,0.0747
NIR_w1_p75,N_%,0.2186,0.0315,0.2186
NIR_w1_p75,P_%,0.3834,0.0001,0.3834
NIR_w1_p75,K_%,0.2797,0.0055,0.2797
NIR_w1_p75,Ca_%,0.0874,0.3944,0.0874
NIR_w1_p75,Mg_%,-0.1831,0.0726,0.1831
NIR_w1_p75,S_%,0.2075,0.0414,0.2075
NIR_w1_p75,Нитраты_мг_кг,0.3022,0.0028,0.3022
NIR_w1_p75,Fe_мг_кг,0.0880,0.3914,0.0880
NIR_w1_p75,Mn_мг_кг,-0.2235,0.0277,0.2235
NIR_w1_p75,Cu_мг_кг,0.2166,0.0331,0.2166
NIR_w1_p75,Zn_мг_кг,0.2859,0.0045,0.2859
NIR_w1_p75,Co_мг_кг,0.0747,0.6218,0.0747
NIR_w1_cv,N_%,,,
NIR_w1_cv,P_%,,,
NIR_w1_cv,K_%,,,
NIR_w1_cv,Ca_%,,,
NIR_w1_cv,Mg_%,,,
NIR_w1_cv,S_%,,,
NIR_w1_cv,Нитраты_мг_кг,,,
NIR_w1_cv,Fe_мг_кг,,,
NIR_w1_cv,Mn_мг_кг,,,
NIR_w1_cv,Cu_мг_кг,,,
NIR_w1_cv,Zn_мг_кг,,,
NIR_w1_cv,Co_мг_кг,,,
NIR_w1_range,N_%,,,
NIR_w1_range,P_%,,,
NIR_w1_range,K_%,,,
NIR_w1_range,Ca_%,,,
NIR_w1_range,Mg_%,,,
NIR_w1_range,S_%,,,
NIR_w1_range,Нитраты_мг_кг,,,
NIR_w1_range,Fe_мг_кг,,,
NIR_w1_range,Mn_мг_кг,,,
NIR_w1_range,Cu_мг_кг,,,
NIR_w1_range,Zn_мг_кг,,,
NIR_w1_range,Co_мг_кг,,,
Blue_w3_mean,N_%,0.3053,0.0024,0.3053
Blue_w3_mean,P_%,0.1055,0.3039,0.1055
Blue_w3_mean,K_%,0.2125,0.0367,0.2125
Blue_w3_mean,Ca_%,-0.0707,0.4912,0.0707
Blue_w3_mean,Mg_%,-0.0781,0.4471,0.0781
Blue_w3_mean,S_%,0.2045,0.0446,0.2045
Blue_w3_mean,Нитраты_мг_кг,0.1363,0.1854,0.1363
Blue_w3_mean,Fe_мг_кг,0.3279,0.0010,0.3279
Blue_w3_mean,Mn_мг_кг,-0.0180,0.8611,0.0180
Blue_w3_mean,Cu_мг_кг,0.1965,0.0537,0.1965
Blue_w3_mean,Zn_мг_кг,0.2667,0.0083,0.2667
Blue_w3_mean,Co_мг_кг,0.1472,0.3291,0.1472
Blue_w3_std,N_%,0.2550,0.0117,0.2550
Blue_w3_std,P_%,0.0553,0.5907,0.0553
Blue_w3_std,K_%,0.2436,0.0162,0.2436
Blue_w3_std,Ca_%,0.0188,0.8549,0.0188
Blue_w3_std,Mg_%,0.0115,0.9108,0.0115
Blue_w3_std,S_%,0.1685,0.0990,0.1685
Blue_w3_std,Нитраты_мг_кг,0.1426,0.1659,0.1426
Blue_w3_std,Fe_мг_кг,0.1251,0.2222,0.1251
Blue_w3_std,Mn_мг_кг,-0.0304,0.7673,0.0304
Blue_w3_std,Cu_мг_кг,0.0901,0.3802,0.0901
Blue_w3_std,Zn_мг_кг,0.2007,0.0487,0.2007
Blue_w3_std,Co_мг_кг,0.0225,0.8820,0.0225
Blue_w3_median,N_%,0.3133,0.0018,0.3133
Blue_w3_median,P_%,0.1066,0.2988,0.1066
Blue_w3_median,K_%,0.2107,0.0383,0.2107
Blue_w3_median,Ca_%,-0.0570,0.5790,0.0570
Blue_w3_median,Mg_%,-0.0725,0.4806,0.0725
Blue_w3_median,S_%,0.2145,0.0349,0.2145
Blue_w3_median,Нитраты_мг_кг,0.1323,0.1987,0.1323
Blue_w3_median,Fe_мг_кг,0.3237,0.0012,0.3237
Blue_w3_median,Mn_мг_кг,-0.0187,0.8561,0.0187
Blue_w3_median,Cu_мг_кг,0.1948,0.0559,0.1948
Blue_w3_median,Zn_мг_кг,0.2678,0.0080,0.2678
Blue_w3_median,Co_мг_кг,0.1273,0.3991,0.1273
Blue_w3_p25,N_%,0.2925,0.0036,0.2925
Blue_w3_p25,P_%,0.1126,0.2722,0.1126
Blue_w3_p25,K_%,0.2003,0.0492,0.2003
Blue_w3_p25,Ca_%,-0.0774,0.4512,0.0774
Blue_w3_p25,Mg_%,-0.0954,0.3528,0.0954
Blue_w3_p25,S_%,0.2044,0.0446,0.2044
Blue_w3_p25,Нитраты_мг_кг,0.1289,0.2109,0.1289
Blue_w3_p25,Fe_мг_кг,0.3375,0.0007,0.3375
Blue_w3_p25,Mn_мг_кг,-0.0272,0.7916,0.0272
Blue_w3_p25,Cu_мг_кг,0.2000,0.0495,0.2000
Blue_w3_p25,Zn_мг_кг,0.2581,0.0107,0.2581
Blue_w3_p25,Co_мг_кг,0.1510,0.3164,0.1510
Blue_w3_p75,N_%,0.3140,0.0017,0.3140
Blue_w3_p75,P_%,0.0974,0.3428,0.0974
Blue_w3_p75,K_%,0.2314,0.0226,0.2314
Blue_w3_p75,Ca_%,-0.0716,0.4858,0.0716
Blue_w3_p75,Mg_%,-0.0806,0.4323,0.0806
Blue_w3_p75,S_%,0.2016,0.0477,0.2016
Blue_w3_p75,Нитраты_мг_кг,0.1364,0.1850,0.1364
Blue_w3_p75,Fe_мг_кг,0.3040,0.0025,0.3040
Blue_w3_p75,Mn_мг_кг,-0.0135,0.8955,0.0135
Blue_w3_p75,Cu_мг_кг,0.1973,0.0528,0.1973
Blue_w3_p75,Zn_мг_кг,0.2720,0.0070,0.2720
Blue_w3_p75,Co_мг_кг,0.1318,0.3827,0.1318
Blue_w3_cv,N_%,0.0344,0.7383,0.0344
Blue_w3_cv,P_%,-0.0217,0.8331,0.0217
Blue_w3_cv,K_%,0.1020,0.3204,0.1020
Blue_w3_cv,Ca_%,0.0504,0.6239,0.0504
Blue_w3_cv,Mg_%,0.0830,0.4187,0.0830
Blue_w3_cv,S_%,0.0070,0.9456,0.0070
Blue_w3_cv,Нитраты_мг_кг,0.0669,0.5173,0.0669
Blue_w3_cv,Fe_мг_кг,-0.0840,0.4135,0.0840
Blue_w3_cv,Mn_мг_кг,-0.0299,0.7709,0.0299
Blue_w3_cv,Cu_мг_кг,-0.0732,0.4761,0.0732
Blue_w3_cv,Zn_мг_кг,-0.0029,0.9777,0.0029
Blue_w3_cv,Co_мг_кг,-0.1635,0.2775,0.1635
Blue_w3_range,N_%,0.2601,0.0101,0.2601
Blue_w3_range,P_%,0.0616,0.5489,0.0616
Blue_w3_range,K_%,0.2315,0.0225,0.2315
Blue_w3_range,Ca_%,0.0635,0.5368,0.0635
Blue_w3_range,Mg_%,0.0327,0.7504,0.0327
Blue_w3_range,S_%,0.1874,0.0661,0.1874
Blue_w3_range,Нитраты_мг_кг,0.1570,0.1267,0.1570
Blue_w3_range,Fe_мг_кг,0.1482,0.1473,0.1482
Blue_w3_range,Mn_мг_кг,-0.0374,0.7160,0.0374
Blue_w3_range,Cu_мг_кг,0.0746,0.4674,0.0746
Blue_w3_range,Zn_мг_кг,0.1915,0.0602,0.1915
Blue_w3_range,Co_мг_кг,0.0068,0.9643,0.0068
Green_w3_mean,N_%,0.3225,0.0013,0.3225
Green_w3_mean,P_%,0.2579,0.0108,0.2579
Green_w3_mean,K_%,0.3100,0.0020,0.3100
Green_w3_mean,Ca_%,-0.0098,0.9245,0.0098
Green_w3_mean,Mg_%,-0.2235,0.0278,0.2235
Green_w3_mean,S_%,0.2724,0.0070,0.2724
Green_w3_mean,Нитраты_мг_кг,0.2128,0.0374,0.2128
Green_w3_mean,Fe_мг_кг,0.3814,0.0001,0.3814
Green_w3_mean,Mn_мг_кг,-0.1262,0.2181,0.1262
Green_w3_mean,Cu_мг_кг,0.1969,0.0532,0.1969
Green_w3_mean,Zn_мг_кг,0.2804,0.0054,0.2804
Green_w3_mean,Co_мг_кг,0.1559,0.3007,0.1559
Green_w3_std,N_%,0.1945,0.0563,0.1945
Green_w3_std,P_%,0.1156,0.2594,0.1156
Green_w3_std,K_%,0.1933,0.0578,0.1933
Green_w3_std,Ca_%,0.0176,0.8640,0.0176
Green_w3_std,Mg_%,0.0528,0.6075,0.0528
Green_w3_std,S_%,0.1581,0.1220,0.1581
Green_w3_std,Нитраты_мг_кг,0.1798,0.0796,0.1798
Green_w3_std,Fe_мг_кг,0.1217,0.2351,0.1217
Green_w3_std,Mn_мг_кг,0.0504,0.6243,0.0504
Green_w3_std,Cu_мг_кг,0.1463,0.1528,0.1463
Green_w3_std,Zn_мг_кг,0.1980,0.0519,0.1980
Green_w3_std,Co_мг_кг,0.1048,0.4880,0.1048
Green_w3_median,N_%,0.3239,0.0012,0.3239
Green_w3_median,P_%,0.2528,0.0125,0.2528
Green_w3_median,K_%,0.3086,0.0021,0.3086
Green_w3_median,Ca_%,0.0020,0.9849,0.0020
Green_w3_median,Mg_%,-0.2257,0.0262,0.2257
Green_w3_median,S_%,0.2762,0.0062,0.2762
Green_w3_median,Нитраты_мг_кг,0.2223,0.0295,0.2223
Green_w3_median,Fe_мг_кг,0.3760,0.0001,0.3760
Green_w3_median,Mn_мг_кг,-0.1258,0.2194,0.1258
Green_w3_median,Cu_мг_кг,0.1988,0.0509,0.1988
Green_w3_median,Zn_мг_кг,0.2769,0.0060,0.2769
Green_w3_median,Co_мг_кг,0.1539,0.3072,0.1539
Green_w3_p25,N_%,0.3226,0.0013,0.3226
Green_w3_p25,P_%,0.2619,0.0096,0.2619
Green_w3_p25,K_%,0.3055,0.0023,0.3055
Green_w3_p25,Ca_%,-0.0120,0.9068,0.0120
Green_w3_p25,Mg_%,-0.2362,0.0198,0.2362
Green_w3_p25,S_%,0.2718,0.0071,0.2718
Green_w3_p25,Нитраты_мг_кг,0.2073,0.0427,0.2073
Green_w3_p25,Fe_мг_кг,0.3911,0.0001,0.3911
Green_w3_p25,Mn_мг_кг,-0.1391,0.1741,0.1391
Green_w3_p25,Cu_мг_кг,0.1907,0.0614,0.1907
Green_w3_p25,Zn_мг_кг,0.2725,0.0069,0.2725
Green_w3_p25,Co_мг_кг,0.1501,0.3194,0.1501
Green_w3_p75,N_%,0.3105,0.0020,0.3105
Green_w3_p75,P_%,0.2519,0.0128,0.2519
Green_w3_p75,K_%,0.3113,0.0019,0.3113
Green_w3_p75,Ca_%,-0.0126,0.9022,0.0126
Green_w3_p75,Mg_%,-0.2207,0.0298,0.2207
Green_w3_p75,S_%,0.2631,0.0092,0.2631
Green_w3_p75,Нитраты_мг_кг,0.2081,0.0419,0.2081
Green_w3_p75,Fe_мг_кг,0.3692,0.0002,0.3692
Green_w3_p75,Mn_мг_кг,-0.1303,0.2034,0.1303
Green_w3_p75,Cu_мг_кг,0.1928,0.0585,0.1928
Green_w3_p75,Zn_мг_кг,0.2835,0.0049,0.2835
Green_w3_p75,Co_мг_кг,0.1541,0.3066,0.1541
Green_w3_cv,N_%,-0.0415,0.6864,0.0415
Green_w3_cv,P_%,-0.0664,0.5180,0.0664
Green_w3_cv,K_%,-0.0282,0.7837,0.0282
Green_w3_cv,Ca_%,0.0154,0.8813,0.0154
Green_w3_cv,Mg_%,0.2440,0.0160,0.2440
Green_w3_cv,S_%,-0.0118,0.9089,0.0118
Green_w3_cv,Нитраты_мг_кг,0.0372,0.7191,0.0372
Green_w3_cv,Fe_мг_кг,-0.1269,0.2154,0.1269
Green_w3_cv,Mn_мг_кг,0.1543,0.1312,0.1543
Green_w3_cv,Cu_мг_кг,-0.0274,0.7901,0.0274
Green_w3_cv,Zn_мг_кг,-0.0260,0.8006,0.0260
Green_w3_cv,Co_мг_кг,-0.0298,0.8440,0.0298
Green_w3_range,N_%,0.2254,0.0264,0.2254
Green_w3_range,P_%,0.1267,0.2163,0.1267
Green_w3_range,K_%,0.2027,0.0465,0.2027
Green_w3_range,Ca_%,0.0342,0.7392,0.0342
Green_w3_range,Mg_%,0.0834,0.4167,0.0834
Green_w3_range,S_%,0.1733,0.0895,0.1733
Green_w3_range,Нитраты_мг_кг,0.2065,0.0435,0.2065
Green_w3_range,Fe_мг_кг,0.1437,0.1604,0.1437
Green_w3_range,Mn_мг_кг,0.0762,0.4581,0.0762
Green_w3_range,Cu_мг_кг,0.1615,0.1140,0.1615
Green_w3_range,Zn_мг_кг,0.2094,0.0396,0.2094
Green_w3_range,Co_мг_кг,0.1306,0.3870,0.1306
Red_w3_mean,N_%,0.2580,0.0107,0.2580
Red_w3_mean,P_%,0.0825,0.4217,0.0825
Red_w3_mean,K_%,0.1787,0.0798,0.1787
Red_w3_mean,Ca_%,-0.0820,0.4249,0.0820
Red_w3_mean,Mg_%,-0.0936,0.3616,0.0936
Red_w3_mean,S_%,0.1729,0.0904,0.1729
Red_w3_mean,Нитраты_мг_кг,0.1333,0.1952,0.1333
Red_w3_mean,Fe_мг_кг,0.3182,0.0015,0.3182
Red_w3_mean,Mn_мг_кг,0.0407,0.6922,0.0407
Red_w3_mean,Cu_мг_кг,0.1814,0.0754,0.1814
Red_w3_mean,Zn_мг_кг,0.2251,0.0267,0.2251
Red_w3_mean,Co_мг_кг,0.1477,0.3273,0.1477
Red_w3_std,N_%,0.2682,0.0079,0.2682
Red_w3_std,P_%,0.1107,0.2806,0.1107
Red_w3_std,K_%,0.2119,0.0372,0.2119
Red_w3_std,Ca_%,0.0516,0.6157,0.0516
Red_w3_std,Mg_%,0.0460,0.6544,0.0460
Red_w3_std,S_%,0.1746,0.0872,0.1746
Red_w3_std,Нитраты_мг_кг,0.1893,0.0647,0.1893
Red_w3_std,Fe_мг_кг,0.2443,0.0159,0.2443
Red_w3_std,Mn_мг_кг,0.0483,0.6383,0.0483
Red_w3_std,Cu_мг_кг,0.0953,0.3530,0.0953
Red_w3_std,Zn_мг_кг,0.2183,0.0317,0.2183
Red_w3_std,Co_мг_кг,0.0917,0.5444,0.0917
Red_w3_median,N_%,0.2587,0.0105,0.2587
Red_w3_median,P_%,0.0787,0.4433,0.0787
Red_w3_median,K_%,0.1773,0.0823,0.1773
Red_w3_median,Ca_%,-0.0740,0.4714,0.0740
Red_w3_median,Mg_%,-0.0919,0.3705,0.0919
Red_w3_median,S_%,0.1748,0.0868,0.1748
Red_w3_median,Нитраты_мг_кг,0.1276,0.2153,0.1276
Red_w3_median,Fe_мг_кг,0.3183,0.0015,0.3183
Red_w3_median,Mn_мг_кг,0.0411,0.6891,0.0411
Red_w3_median,Cu_мг_кг,0.1680,0.1000,0.1680
Red_w3_median,Zn_мг_кг,0.2186,0.0314,0.2186
Red_w3_median,Co_мг_кг,0.1417,0.3476,0.1417
Red_w3_p25,N_%,0.2399,0.0179,0.2399
Red_w3_p25,P_%,0.0635,0.5368,0.0635
Red_w3_p25,K_%,0.1677,0.1007,0.1677
Red_w3_p25,Ca_%,-0.0960,0.3494,0.0960
Red_w3_p25,Mg_%,-0.1167,0.2549,0.1167
Red_w3_p25,S_%,0.1654,0.1054,0.1654
Red_w3_p25,Нитраты_мг_кг,0.1217,0.2374,0.1217
Red_w3_p25,Fe_мг_кг,0.3052,0.0024,0.3052
Red_w3_p25,Mn_мг_кг,0.0420,0.6833,0.0420
Red_w3_p25,Cu_мг_кг,0.1845,0.0704,0.1845
Red_w3_p25,Zn_мг_кг,0.2105,0.0385,0.2105
Red_w3_p25,Co_мг_кг,0.1336,0.3760,0.1336
Red_w3_p75,N_%,0.2729,0.0068,0.2729
Red_w3_p75,P_%,0.0947,0.3562,0.0947
Red_w3_p75,K_%,0.1937,0.0573,0.1937
Red_w3_p75,Ca_%,-0.0771,0.4530,0.0771
Red_w3_p75,Mg_%,-0.0825,0.4216,0.0825
Red_w3_p75,S_%,0.1830,0.0727,0.1830
Red_w3_p75,Нитраты_мг_кг,0.1504,0.1435,0.1504
Red_w3_p75,Fe_мг_кг,0.3201,0.0014,0.3201
Red_w3_p75,Mn_мг_кг,0.0379,0.7123,0.0379
Red_w3_p75,Cu_мг_кг,0.1834,0.0722,0.1834
Red_w3_p75,Zn_мг_кг,0.2393,0.0182,0.2393
Red_w3_p75,Co_мг_кг,0.1419,0.3469,0.1419
Red_w3_cv,N_%,0.0710,0.4896,0.0710
Red_w3_cv,P_%,0.0488,0.6352,0.0488
Red_w3_cv,K_%,0.0527,0.6082,0.0527
Red_w3_cv,Ca_%,0.1489,0.1456,0.1489
Red_w3_cv,Mg_%,0.1902,0.0620,0.1902
Red_w3_cv,S_%,0.0290,0.7780,0.0290
Red_w3_cv,Нитраты_мг_кг,0.1132,0.2722,0.1132
Red_w3_cv,Fe_мг_кг,0.0072,0.9445,0.0072
Red_w3_cv,Mn_мг_кг,-0.0189,0.8539,0.0189
Red_w3_cv,Cu_мг_кг,-0.1121,0.2742,0.1121
Red_w3_cv,Zn_мг_кг,0.0248,0.8094,0.0248
Red_w3_cv,Co_мг_кг,-0.0611,0.6865,0.0611
Red_w3_range,N_%,0.2601,0.0101,0.2601
Red_w3_range,P_%,0.0816,0.4271,0.0816
Red_w3_range,K_%,0.2084,0.0405,0.2084
Red_w3_range,Ca_%,0.0560,0.5861,0.0560
Red_w3_range,Mg_%,0.0350,0.7337,0.0350
Red_w3_range,S_%,0.1647,0.1070,0.1647
Red_w3_range,Нитраты_мг_кг,0.1858,0.0700,0.1858
Red_w3_range,Fe_мг_кг,0.2326,0.0219,0.2326
Red_w3_range,Mn_мг_кг,0.0688,0.5031,0.0688
Red_w3_range,Cu_мг_кг,0.1015,0.3226,0.1015
Red_w3_range,Zn_мг_кг,0.2114,0.0377,0.2114
Red_w3_range,Co_мг_кг,0.1050,0.4873,0.1050
RedEdge_w3_mean,N_%,0.2650,0.0087,0.2650
RedEdge_w3_mean,P_%,0.3208,0.0014,0.3208
RedEdge_w3_mean,K_%,0.3208,0.0014,0.3208
RedEdge_w3_mean,Ca_%,0.0413,0.6882,0.0413
RedEdge_w3_mean,Mg_%,-0.2708,0.0073,0.2708
RedEdge_w3_mean,S_%,0.2200,0.0304,0.2200
RedEdge_w3_mean,Нитраты_мг_кг,0.2277,0.0257,0.2277
RedEdge_w3_mean,Fe_мг_кг,0.3278,0.0010,0.3278
RedEdge_w3_mean,Mn_мг_кг,-0.1819,0.0745,0.1819
RedEdge_w3_mean,Cu_мг_кг,0.1850,0.0696,0.1850
RedEdge_w3_mean,Zn_мг_кг,0.2608,0.0099,0.2608
RedEdge_w3_mean,Co_мг_кг,0.1056,0.4849,0.1056
RedEdge_w3_std,N_%,0.0485,0.6372,0.0485
RedEdge_w3_std,P_%,0.0332,0.7468,0.0332
RedEdge_w3_std,K_%,0.1224,0.2322,0.1224
RedEdge_w3_std,Ca_%,0.1352,0.1866,0.1352
RedEdge_w3_std,Mg_%,-0.0551,0.5920,0.0551
RedEdge_w3_std,S_%,0.0936,0.3618,0.0936
RedEdge_w3_std,Нитраты_мг_кг,0.1568,0.1270,0.1568
RedEdge_w3_std,Fe_мг_кг,0.1450,0.1564,0.1450
RedEdge_w3_std,Mn_мг_кг,0.1405,0.1697,0.1405
RedEdge_w3_std,Cu_мг_кг,0.0513,0.6181,0.0513
RedEdge_w3_std,Zn_мг_кг,0.0779,0.4484,0.0779
RedEdge_w3_std,Co_мг_кг,0.0313,0.8366,0.0313
RedEdge_w3_median,N_%,0.2591,0.0104,0.2591
RedEdge_w3_median,P_%,0.3135,0.0018,0.3135
RedEdge_w3_median,K_%,0.3092,0.0021,0.3092
RedEdge_w3_median,Ca_%,0.0511,0.6189,0.0511
RedEdge_w3_median,Mg_%,-0.2606,0.0099,0.2606
RedEdge_w3_median,S_%,0.2185,0.0316,0.2185
RedEdge_w3_median,Нитраты_мг_кг,0.2226,0.0293,0.2226
RedEdge_w3_median,Fe_мг_кг,0.3212,0.0013,0.3212
RedEdge_w3_median,Mn_мг_кг,-0.1820,0.0744,0.1820
RedEdge_w3_median,Cu_мг_кг,0.1757,0.0852,0.1757
RedEdge_w3_median,Zn_мг_кг,0.2515,0.0130,0.2515
RedEdge_w3_median,Co_мг_кг,0.0829,0.5837,0.0829
RedEdge_w3_p25,N_%,0.2714,0.0072,0.2714
RedEdge_w3_p25,P_%,0.3309,0.0009,0.3309
RedEdge_w3_p25,K_%,0.3185,0.0015,0.3185
RedEdge_w3_p25,Ca_%,0.0219,0.8316,0.0219
RedEdge_w3_p25,Mg_%,-0.2745,0.0065,0.2745
RedEdge_w3_p25,S_%,0.2173,0.0325,0.2173
RedEdge_w3_p25,Нитраты_мг_кг,0.2202,0.0311,0.2202
RedEdge_w3_p25,Fe_мг_кг,0.3281,0.0010,0.3281
RedEdge_w3_p25,Mn_мг_кг,-0.2125,0.0366,0.2125
RedEdge_w3_p25,Cu_мг_кг,0.1841,0.0711,0.1841
RedEdge_w3_p25,Zn_мг_кг,0.2614,0.0097,0.2614
RedEdge_w3_p25,Co_мг_кг,0.1255,0.4059,0.1255
RedEdge_w3_p75,N_%,0.2577,0.0108,0.2577
RedEdge_w3_p75,P_%,0.3057,0.0023,0.3057
RedEdge_w3_p75,K_%,0.3217,0.0013,0.3217
RedEdge_w3_p75,Ca_%,0.0436,0.6712,0.0436
RedEdge_w3_p75,Mg_%,-0.2758,0.0063,0.2758
RedEdge_w3_p75,S_%,0.2222,0.0287,0.2222
RedEdge_w3_p75,Нитраты_мг_кг,0.2148,0.0356,0.2148
RedEdge_w3_p75,Fe_мг_кг,0.3141,0.0017,0.3141
RedEdge_w3_p75,Mn_мг_кг,-0.1665,0.1031,0.1665
RedEdge_w3_p75,Cu_мг_кг,0.1873,0.0662,0.1873
RedEdge_w3_p75,Zn_мг_кг,0.2549,0.0117,0.2549
RedEdge_w3_p75,Co_мг_кг,0.0655,0.6656,0.0655
RedEdge_w3_cv,N_%,-0.1284,0.2100,0.1284
RedEdge_w3_cv,P_%,-0.1678,0.1004,0.1678
RedEdge_w3_cv,K_%,-0.0964,0.3475,0.0964
RedEdge_w3_cv,Ca_%,0.0646,0.5297,0.0646
RedEdge_w3_cv,Mg_%,0.1514,0.1388,0.1514
RedEdge_w3_cv,S_%,-0.0857,0.4039,0.0857
RedEdge_w3_cv,Нитраты_мг_кг,-0.0335,0.7460,0.0335
RedEdge_w3_cv,Fe_мг_кг,-0.0896,0.3826,0.0896
RedEdge_w3_cv,Mn_мг_кг,0.3011,0.0027,0.3011
RedEdge_w3_cv,Cu_мг_кг,-0.0454,0.6589,0.0454
RedEdge_w3_cv,Zn_мг_кг,-0.0955,0.3521,0.0955
RedEdge_w3_cv,Co_мг_кг,0.0122,0.9358,0.0122
RedEdge_w3_range,N_%,0.0624,0.5440,0.0624
RedEdge_w3_range,P_%,0.0522,0.6119,0.0522
RedEdge_w3_range,K_%,0.1157,0.2592,0.1157
RedEdge_w3_range,Ca_%,0.1360,0.1840,0.1360
RedEdge_w3_range,Mg_%,-0.0359,0.7273,0.0359
RedEdge_w3_range,S_%,0.0898,0.3815,0.0898
RedEdge_w3_range,Нитраты_мг_кг,0.1670,0.1040,0.1670
RedEdge_w3_range,Fe_мг_кг,0.1550,0.1294,0.1550
RedEdge_w3_range,Mn_мг_кг,0.1183,0.2483,0.1183
RedEdge_w3_range,Cu_мг_кг,0.0317,0.7577,0.0317
RedEdge_w3_range,Zn_мг_кг,0.0698,0.4969,0.0698
RedEdge_w3_range,Co_мг_кг,0.0586,0.6990,0.0586
NIR_w3_mean,N_%,0.2268,0.0255,0.2268
NIR_w3_mean,P_%,0.4084,0.0000,0.4084
NIR_w3_mean,K_%,0.2986,0.0030,0.2986
NIR_w3_mean,Ca_%,0.0947,0.3561,0.0947
NIR_w3_mean,Mg_%,-0.2054,0.0436,0.2054
NIR_w3_mean,S_%,0.2093,0.0396,0.2093
NIR_w3_mean,Нитраты_мг_кг,0.2910,0.0040,0.2910
NIR_w3_mean,Fe_мг_кг,0.0946,0.3568,0.0946
NIR_w3_mean,Mn_мг_кг,-0.2506,0.0133,0.2506
NIR_w3_mean,Cu_мг_кг,0.2242,0.0273,0.2242
NIR_w3_mean,Zn_мг_кг,0.2882,0.0042,0.2882
NIR_w3_mean,Co_мг_кг,0.0814,0.5908,0.0814
NIR_w3_std,N_%,0.0521,0.6122,0.0521
NIR_w3_std,P_%,0.2240,0.0274,0.2240
NIR_w3_std,K_%,0.1368,0.1816,0.1368
NIR_w3_std,Ca_%,0.2440,0.0160,0.2440
NIR_w3_std,Mg_%,-0.0758,0.4605,0.0758
NIR_w3_std,S_%,0.0806,0.4328,0.0806
NIR_w3_std,Нитраты_мг_кг,0.0653,0.5273,0.0653
NIR_w3_std,Fe_мг_кг,0.0346,0.7368,0.0346
NIR_w3_std,Mn_мг_кг,-0.1470,0.1508,0.1470
NIR_w3_std,Cu_мг_кг,0.0245,0.8117,0.0245
NIR_w3_std,Zn_мг_кг,0.0171,0.8681,0.0171
NIR_w3_std,Co_мг_кг,-0.0974,0.5195,0.0974
NIR_w3_median,N_%,0.2141,0.0352,0.2141
NIR_w3_median,P_%,0.3846,0.0001,0.3846
NIR_w3_median,K_%,0.2850,0.0047,0.2850
NIR_w3_median,Ca_%,0.0914,0.3730,0.0914
NIR_w3_median,Mg_%,-0.2136,0.0356,0.2136
NIR_w3_median,S_%,0.1957,0.0547,0.1957
NIR_w3_median,Нитраты_мг_кг,0.2843,0.0050,0.2843
NIR_w3_median,Fe_мг_кг,0.1027,0.3167,0.1027
NIR_w3_median,Mn_мг_кг,-0.2259,0.0261,0.2259
NIR_w3_median,Cu_мг_кг,0.2208,0.0297,0.2208
NIR_w3_median,Zn_мг_кг,0.2747,0.0065,0.2747
NIR_w3_median,Co_мг_кг,0.0626,0.6795,0.0626
NIR_w3_p25,N_%,0.2238,0.0275,0.2238
NIR_w3_p25,P_%,0.3932,0.0001,0.3932
NIR_w3_p25,K_%,0.2873,0.0043,0.2873
NIR_w3_p25,Ca_%,0.0629,0.5402,0.0629
NIR_w3_p25,Mg_%,-0.1977,0.0522,0.1977
NIR_w3_p25,S_%,0.2051,0.0439,0.2051
NIR_w3_p25,Нитраты_мг_кг,0.3022,0.0028,0.3022
NIR_w3_p25,Fe_мг_кг,0.1029,0.3159,0.1029
NIR_w3_p25,Mn_мг_кг,-0.2351,0.0205,0.2351
NIR_w3_p25,Cu_мг_кг,0.2245,0.0270,0.2245
NIR_w3_p25,Zn_мг_кг,0.2920,0.0037,0.2920
NIR_w3_p25,Co_мг_кг,0.1492,0.3224,0.1492
NIR_w3_p75,N_%,0.2234,0.0278,0.2234
NIR_w3_p75,P_%,0.4012,0.0000,0.4012
NIR_w3_p75,K_%,0.2884,0.0042,0.2884
NIR_w3_p75,Ca_%,0.1145,0.2641,0.1145
NIR_w3_p75,Mg_%,-0.2036,0.0455,0.2036
NIR_w3_p75,S_%,0.2114,0.0376,0.2114
NIR_w3_p75,Нитраты_мг_кг,0.2721,0.0073,0.2721
NIR_w3_p75,Fe_мг_кг,0.0885,0.3889,0.0885
NIR_w3_p75,Mn_мг_кг,-0.2524,0.0126,0.2524
NIR_w3_p75,Cu_мг_кг,0.2137,0.0356,0.2137
NIR_w3_p75,Zn_мг_кг,0.2720,0.0070,0.2720
NIR_w3_p75,Co_мг_кг,0.0379,0.8025,0.0379
NIR_w3_cv,N_%,-0.0293,0.7758,0.0293
NIR_w3_cv,P_%,-0.1236,0.2278,0.1236
NIR_w3_cv,K_%,-0.0799,0.4369,0.0799
NIR_w3_cv,Ca_%,0.0057,0.9558,0.0057
NIR_w3_cv,Mg_%,0.0737,0.4730,0.0737
NIR_w3_cv,S_%,-0.0694,0.4994,0.0694
NIR_w3_cv,Нитраты_мг_кг,-0.1026,0.3199,0.1026
NIR_w3_cv,Fe_мг_кг,0.0427,0.6778,0.0427
NIR_w3_cv,Mn_мг_кг,0.1960,0.0543,0.1960
NIR_w3_cv,Cu_мг_кг,0.0161,0.8757,0.0161
NIR_w3_cv,Zn_мг_кг,-0.1002,0.3290,0.1002
NIR_w3_cv,Co_мг_кг,-0.1714,0.2548,0.1714
NIR_w3_range,N_%,0.0501,0.6260,0.0501
NIR_w3_range,P_%,0.2256,0.0263,0.2256
NIR_w3_range,K_%,0.1347,0.1885,0.1347
NIR_w3_range,Ca_%,0.2353,0.0203,0.2353
NIR_w3_range,Mg_%,-0.0617,0.5480,0.0617
NIR_w3_range,S_%,0.0982,0.3387,0.0982
NIR_w3_range,Нитраты_мг_кг,0.0828,0.4228,0.0828
NIR_w3_range,Fe_мг_кг,0.0506,0.6227,0.0506
NIR_w3_range,Mn_мг_кг,-0.1407,0.1692,0.1407
NIR_w3_range,Cu_мг_кг,0.0354,0.7303,0.0354
NIR_w3_range,Zn_мг_кг,0.0255,0.8040,0.0255
NIR_w3_range,Co_мг_кг,-0.0497,0.7428,0.0497
Blue_w5_mean,N_%,0.3060,0.0023,0.3060
Blue_w5_mean,P_%,0.0995,0.3321,0.0995
Blue_w5_mean,K_%,0.2144,0.0350,0.2144
Blue_w5_mean,Ca_%,-0.0618,0.5478,0.0618
Blue_w5_mean,Mg_%,-0.0768,0.4549,0.0768
Blue_w5_mean,S_%,0.2016,0.0477,0.2016
Blue_w5_mean,Нитраты_мг_кг,0.1649,0.1085,0.1649
Blue_w5_mean,Fe_мг_кг,0.3446,0.0005,0.3446
Blue_w5_mean,Mn_мг_кг,-0.0184,0.8577,0.0184
Blue_w5_mean,Cu_мг_кг,0.1900,0.0623,0.1900
Blue_w5_mean,Zn_мг_кг,0.2645,0.0088,0.2645
Blue_w5_mean,Co_мг_кг,0.1616,0.2834,0.1616
Blue_w5_std,N_%,0.2914,0.0038,0.2914
Blue_w5_std,P_%,0.0491,0.6328,0.0491
Blue_w5_std,K_%,0.1781,0.0809,0.1781
Blue_w5_std,Ca_%,0.0270,0.7928,0.0270
Blue_w5_std,Mg_%,0.1152,0.2611,0.1152
Blue_w5_std,S_%,0.1904,0.0618,0.1904
Blue_w5_std,Нитраты_мг_кг,0.1585,0.1229,0.1585
Blue_w5_std,Fe_мг_кг,0.1839,0.0713,0.1839
Blue_w5_std,Mn_мг_кг,-0.0301,0.7699,0.0301
Blue_w5_std,Cu_мг_кг,0.1199,0.2422,0.1199
Blue_w5_std,Zn_мг_кг,0.2166,0.0331,0.2166
Blue_w5_std,Co_мг_кг,-0.0002,0.9991,0.0002
Blue_w5_median,N_%,0.3021,0.0026,0.3021
Blue_w5_median,P_%,0.1131,0.2700,0.1131
Blue_w5_median,K_%,0.2242,0.0272,0.2242
Blue_w5_median,Ca_%,-0.0598,0.5610,0.0598
Blue_w5_median,Mg_%,-0.0958,0.3505,0.0958
Blue_w5_median,S_%,0.2106,0.0384,0.2106
Blue_w5_median,Нитраты_мг_кг,0.1665,0.1049,0.1665
Blue_w5_median,Fe_мг_кг,0.3526,0.0004,0.3526
Blue_w5_median,Mn_мг_кг,-0.0172,0.8672,0.0172
Blue_w5_median,Cu_мг_кг,0.1974,0.0526,0.1974
Blue_w5_median,Zn_мг_кг,0.2688,0.0078,0.2688
Blue_w5_median,Co_мг_кг,0.1681,0.2641,0.1681
Blue_w5_p25,N_%,0.2866,0.0044,0.2866
Blue_w5_p25,P_%,0.1003,0.3283,0.1003
Blue_w5_p25,K_%,0.1982,0.0517,0.1982
Blue_w5_p25,Ca_%,-0.0805,0.4334,0.0805
Blue_w5_p25,Mg_%,-0.1040,0.3106,0.1040
Blue_w5_p25,S_%,0.1966,0.0536,0.1966
Blue_w5_p25,Нитраты_мг_кг,0.1542,0.1336,0.1542
Blue_w5_p25,Fe_мг_кг,0.3549,0.0004,0.3549
Blue_w5_p25,Mn_мг_кг,-0.0131,0.8983,0.0131
Blue_w5_p25,Cu_мг_кг,0.1972,0.0529,0.1972
Blue_w5_p25,Zn_мг_кг,0.2527,0.0125,0.2527
Blue_w5_p25,Co_мг_кг,0.1653,0.2723,0.1653
Blue_w5_p75,N_%,0.3156,0.0016,0.3156
Blue_w5_p75,P_%,0.1003,0.3281,0.1003
Blue_w5_p75,K_%,0.2352,0.0204,0.2352
Blue_w5_p75,Ca_%,-0.0595,0.5625,0.0595
Blue_w5_p75,Mg_%,-0.0710,0.4896,0.0710
Blue_w5_p75,S_%,0.2026,0.0465,0.2026
Blue_w5_p75,Нитраты_мг_кг,0.1763,0.0858,0.1763
Blue_w5_p75,Fe_мг_кг,0.3317,0.0009,0.3317
Blue_w5_p75,Mn_мг_кг,-0.0231,0.8222,0.0231
Blue_w5_p75,Cu_мг_кг,0.1894,0.0631,0.1894
Blue_w5_p75,Zn_мг_кг,0.2761,0.0062,0.2761
Blue_w5_p75,Co_мг_кг,0.1623,0.2812,0.1623
Blue_w5_cv,N_%,0.0546,0.5954,0.0546
Blue_w5_cv,P_%,-0.0675,0.5112,0.0675
Blue_w5_cv,K_%,-0.0167,0.8714,0.0167
Blue_w5_cv,Ca_%,0.0290,0.7782,0.0290
Blue_w5_cv,Mg_%,0.2342,0.0209,0.2342
Blue_w5_cv,S_%,0.0294,0.7750,0.0294
Blue_w5_cv,Нитраты_мг_кг,0.0308,0.7656,0.0308
Blue_w5_cv,Fe_мг_кг,-0.0994,0.3326,0.0994
Blue_w5_cv,Mn_мг_кг,-0.0287,0.7804,0.0287
Blue_w5_cv,Cu_мг_кг,-0.0700,0.4959,0.0700
Blue_w5_cv,Zn_мг_кг,-0.0238,0.8168,0.0238
Blue_w5_cv,Co_мг_кг,-0.2158,0.1498,0.2158
Blue_w5_range,N_%,0.2755,0.0063,0.2755
Blue_w5_range,P_%,0.0570,0.5795,0.0570
Blue_w5_range,K_%,0.1567,0.1253,0.1567
Blue_w5_range,Ca_%,0.0495,0.6303,0.0495
Blue_w5_range,Mg_%,0.0990,0.3344,0.0990
Blue_w5_range,S_%,0.2005,0.0489,0.2005
Blue_w5_range,Нитраты_мг_кг,0.1314,0.2019,0.1314
Blue_w5_range,Fe_мг_кг,0.1711,0.0937,0.1711
Blue_w5_range,Mn_мг_кг,-0.0278,0.7866,0.0278
Blue_w5_range,Cu_мг_кг,0.1000,0.3297,0.1000
Blue_w5_range,Zn_мг_кг,0.1820,0.0743,0.1820
Blue_w5_range,Co_мг_кг,-0.0589,0.6974,0.0589
Green_w5_mean,N_%,0.3065,0.0023,0.3065
Green_w5_mean,P_%,0.2468,0.0148,0.2468
Green_w5_mean,K_%,0.3002,0.0028,0.3002
Green_w5_mean,Ca_%,-0.0268,0.7947,0.0268
Green_w5_mean,Mg_%,-0.2152,0.0343,0.2152
Green_w5_mean,S_%,0.2466,0.0149,0.2466
Green_w5_mean,Нитраты_мг_кг,0.2053,0.0447,0.2053
Green_w5_mean,Fe_мг_кг,0.3880,0.0001,0.3880
Green_w5_mean,Mn_мг_кг,-0.1224,0.2324,0.1224
Green_w5_mean,Cu_мг_кг,0.2073,0.0416,0.2073
Green_w5_mean,Zn_мг_кг,0.2738,0.0067,0.2738
Green_w5_mean,Co_мг_кг,0.1810,0.2287,0.1810
Green_w5_std,N_%,0.1559,0.1272,0.1559
Green_w5_std,P_%,0.0390,0.7046,0.0390
Green_w5_std,K_%,0.1279,0.2118,0.1279
Green_w5_std,Ca_%,-0.0211,0.8374,0.0211
Green_w5_std,Mg_%,0.0260,0.8006,0.0260
Green_w5_std,S_%,0.1034,0.3135,0.1034
Green_w5_std,Нитраты_мг_кг,0.1317,0.2010,0.1317
Green_w5_std,Fe_мг_кг,0.1792,0.0791,0.1792
Green_w5_std,Mn_мг_кг,0.0345,0.7376,0.0345
Green_w5_std,Cu_мг_кг,0.1208,0.2386,0.1208
Green_w5_std,Zn_мг_кг,0.1444,0.1582,0.1444
Green_w5_std,Co_мг_кг,0.0681,0.6529,0.0681
Green_w5_median,N_%,0.3146,0.0017,0.3146
Green_w5_median,P_%,0.2540,0.0120,0.2540
Green_w5_median,K_%,0.3075,0.0022,0.3075
Green_w5_median,Ca_%,-0.0097,0.9250,0.0097
Green_w5_median,Mg_%,-0.2212,0.0295,0.2212
Green_w5_median,S_%,0.2612,0.0098,0.2612
Green_w5_median,Нитраты_мг_кг,0.2152,0.0352,0.2152
Green_w5_median,Fe_мг_кг,0.3885,0.0001,0.3885
Green_w5_median,Mn_мг_кг,-0.1231,0.2296,0.1231
Green_w5_median,Cu_мг_кг,0.2087,0.0402,0.2087
Green_w5_median,Zn_мг_кг,0.2763,0.0062,0.2763
Green_w5_median,Co_мг_кг,0.1664,0.2690,0.1664
Green_w5_p25,N_%,0.3134,0.0018,0.3134
Green_w5_p25,P_%,0.2721,0.0070,0.2721
Green_w5_p25,K_%,0.3145,0.0017,0.3145
Green_w5_p25,Ca_%,-0.0270,0.7931,0.0270
Green_w5_p25,Mg_%,-0.2420,0.0169,0.2420
Green_w5_p25,S_%,0.2583,0.0106,0.2583
Green_w5_p25,Нитраты_мг_кг,0.2191,0.0320,0.2191
Green_w5_p25,Fe_мг_кг,0.3947,0.0001,0.3947
Green_w5_p25,Mn_мг_кг,-0.1455,0.1551,0.1455
Green_w5_p25,Cu_мг_кг,0.2095,0.0394,0.2095
Green_w5_p25,Zn_мг_кг,0.2783,0.0058,0.2783
Green_w5_p25,Co_мг_кг,0.1934,0.1978,0.1934
Green_w5_p75,N_%,0.2969,0.0031,0.2969
Green_w5_p75,P_%,0.2359,0.0200,0.2359
Green_w5_p75,K_%,0.2959,0.0033,0.2959
Green_w5_p75,Ca_%,-0.0426,0.6783,0.0426
Green_w5_p75,Mg_%,-0.1966,0.0536,0.1966
Green_w5_p75,S_%,0.2399,0.0180,0.2399
Green_w5_p75,Нитраты_мг_кг,0.2096,0.0404,0.2096
Green_w5_p75,Fe_мг_кг,0.3900,0.0001,0.3900
Green_w5_p75,Mn_мг_кг,-0.1123,0.2734,0.1123
Green_w5_p75,Cu_мг_кг,0.2160,0.0336,0.2160
Green_w5_p75,Zn_мг_кг,0.2764,0.0061,0.2764
Green_w5_p75,Co_мг_кг,0.2100,0.1612,0.2100
Green_w5_cv,N_%,-0.1103,0.2822,0.1103
Green_w5_cv,P_%,-0.2031,0.0460,0.2031
Green_w5_cv,K_%,-0.1535,0.1334,0.1535
Green_w5_cv,Ca_%,-0.0444,0.6659,0.0444
Green_w5_cv,Mg_%,0.2570,0.0110,0.2570
Green_w5_cv,S_%,-0.1066,0.2987,0.1066
Green_w5_cv,Нитраты_мг_кг,-0.0416,0.6876,0.0416
Green_w5_cv,Fe_мг_кг,-0.1240,0.2263,0.1240
Green_w5_cv,Mn_мг_кг,0.1667,0.1026,0.1667
Green_w5_cv,Cu_мг_кг,-0.0737,0.4730,0.0737
Green_w5_cv,Zn_мг_кг,-0.1134,0.2687,0.1134
Green_w5_cv,Co_мг_кг,-0.1134,0.4531,0.1134
Green_w5_range,N_%,0.1799,0.0779,0.1799
Green_w5_range,P_%,0.0516,0.6159,0.0516
Green_w5_range,K_%,0.1353,0.1865,0.1353
Green_w5_range,Ca_%,0.0156,0.8793,0.0156
Green_w5_range,Mg_%,0.0352,0.7324,0.0352
Green_w5_range,S_%,0.1314,0.1994,0.1314
Green_w5_range,Нитраты_мг_кг,0.1435,0.1632,0.1435
Green_w5_range,Fe_мг_кг,0.1888,0.0640,0.1888
Green_w5_range,Mn_мг_кг,0.0345,0.7370,0.0345
Green_w5_range,Cu_мг_кг,0.1079,0.2930,0.1079
Green_w5_range,Zn_мг_кг,0.1435,0.1608,0.1435
Green_w5_range,Co_мг_кг,0.0321,0.8323,0.0321
Red_w5_mean,N_%,0.2560,0.0114,0.2560
Red_w5_mean,P_%,0.0799,0.4364,0.0799
Red_w5_mean,K_%,0.1905,0.0616,0.1905
Red_w5_mean,Ca_%,-0.0843,0.4116,0.0843
Red_w5_mean,Mg_%,-0.1058,0.3024,0.1058
Red_w5_mean,S_%,0.1670,0.1021,0.1670
Red_w5_mean,Нитраты_мг_кг,0.1400,0.1737,0.1400
Red_w5_mean,Fe_мг_кг,0.3275,0.0011,0.3275
Red_w5_mean,Mn_мг_кг,0.0319,0.7567,0.0319
Red_w5_mean,Cu_мг_кг,0.1798,0.0781,0.1798
Red_w5_mean,Zn_мг_кг,0.2303,0.0232,0.2303
Red_w5_mean,Co_мг_кг,0.1669,0.2675,0.1669
Red_w5_std,N_%,0.2928,0.0036,0.2928
Red_w5_std,P_%,0.1073,0.2954,0.1073
Red_w5_std,K_%,0.1867,0.0672,0.1867
Red_w5_std,Ca_%,0.0978,0.3406,0.0978
Red_w5_std,Mg_%,0.0846,0.4097,0.0846
Red_w5_std,S_%,0.1925,0.0589,0.1925
Red_w5_std,Нитраты_мг_кг,0.1688,0.1001,0.1688
Red_w5_std,Fe_мг_кг,0.2137,0.0356,0.2137
Red_w5_std,Mn_мг_кг,-0.0126,0.9028,0.0126
Red_w5_std,Cu_мг_кг,0.0993,0.3333,0.0993
Red_w5_std,Zn_мг_кг,0.2124,0.0367,0.2124
Red_w5_std,Co_мг_кг,0.1369,0.3643,0.1369
Red_w5_median,N_%,0.2655,0.0086,0.2655
Red_w5_median,P_%,0.0884,0.3890,0.0884
Red_w5_median,K_%,0.2045,0.0445,0.2045
Red_w5_median,Ca_%,-0.0835,0.4161,0.0835
Red_w5_median,Mg_%,-0.1031,0.3149,0.1031
Red_w5_median,S_%,0.1845,0.0704,0.1845
Red_w5_median,Нитраты_мг_кг,0.1514,0.1408,0.1514
Red_w5_median,Fe_мг_кг,0.3307,0.0009,0.3307
Red_w5_median,Mn_мг_кг,0.0242,0.8140,0.0242
Red_w5_median,Cu_мг_кг,0.1841,0.0711,0.1841
Red_w5_median,Zn_мг_кг,0.2353,0.0204,0.2353
Red_w5_median,Co_мг_кг,0.1739,0.2479,0.1739
Red_w5_p25,N_%,0.2366,0.0196,0.2366
Red_w5_p25,P_%,0.0654,0.5247,0.0654
Red_w5_p25,K_%,0.1739,0.0885,0.1739
Red_w5_p25,Ca_%,-0.1055,0.3039,0.1055
Red_w5_p25,Mg_%,-0.1235,0.2280,0.1235
Red_w5_p25,S_%,0.1553,0.1288,0.1553
Red_w5_p25,Нитраты_мг_кг,0.1233,0.2313,0.1233
Red_w5_p25,Fe_мг_кг,0.3202,0.0014,0.3202
Red_w5_p25,Mn_мг_кг,0.0424,0.6797,0.0424
Red_w5_p25,Cu_мг_кг,0.1871,0.0664,0.1871
Red_w5_p25,Zn_мг_кг,0.2191,0.0311,0.2191
Red_w5_p25,Co_мг_кг,0.1550,0.3038,0.1550
Red_w5_p75,N_%,0.2674,0.0081,0.2674
Red_w5_p75,P_%,0.0902,0.3794,0.0902
Red_w5_p75,K_%,0.1974,0.0526,0.1974
Red_w5_p75,Ca_%,-0.0723,0.4816,0.0723
Red_w5_p75,Mg_%,-0.0922,0.3690,0.0922
Red_w5_p75,S_%,0.1751,0.0863,0.1751
Red_w5_p75,Нитраты_мг_кг,0.1553,0.1307,0.1553
Red_w5_p75,Fe_мг_кг,0.3358,0.0008,0.3358
Red_w5_p75,Mn_мг_кг,0.0311,0.7623,0.0311
Red_w5_p75,Cu_мг_кг,0.1748,0.0868,0.1748
Red_w5_p75,Zn_мг_кг,0.2393,0.0183,0.2393
Red_w5_p75,Co_мг_кг,0.1807,0.2295,0.1807
Red_w5_cv,N_%,0.0661,0.5198,0.0661
Red_w5_cv,P_%,0.0169,0.8694,0.0169
Red_w5_cv,K_%,-0.0349,0.7342,0.0349
Red_w5_cv,Ca_%,0.1463,0.1528,0.1463
Red_w5_cv,Mg_%,0.2471,0.0147,0.2471
Red_w5_cv,S_%,0.0075,0.9421,0.0075
Red_w5_cv,Нитраты_мг_кг,0.0454,0.6602,0.0454
Red_w5_cv,Fe_мг_кг,-0.0836,0.4155,0.0836
Red_w5_cv,Mn_мг_кг,-0.0703,0.4939,0.0703
Red_w5_cv,Cu_мг_кг,-0.1086,0.2897,0.1086
Red_w5_cv,Zn_мг_кг,-0.0387,0.7069,0.0387
Red_w5_cv,Co_мг_кг,-0.0119,0.9372,0.0119
Red_w5_range,N_%,0.2877,0.0043,0.2877
Red_w5_range,P_%,0.0817,0.4263,0.0817
Red_w5_range,K_%,0.1709,0.0943,0.1709
Red_w5_range,Ca_%,0.1005,0.3271,0.1005
Red_w5_range,Mg_%,0.0980,0.3396,0.0980
Red_w5_range,S_%,0.1921,0.0594,0.1921
Red_w5_range,Нитраты_мг_кг,0.1748,0.0886,0.1748
Red_w5_range,Fe_мг_кг,0.1859,0.0682,0.1859
Red_w5_range,Mn_мг_кг,-0.0113,0.9124,0.0113
Red_w5_range,Cu_мг_кг,0.1037,0.3123,0.1037
Red_w5_range,Zn_мг_кг,0.1863,0.0676,0.1863
Red_w5_range,Co_мг_кг,0.1137,0.4520,0.1137
RedEdge_w5_mean,N_%,0.2634,0.0092,0.2634
RedEdge_w5_mean,P_%,0.3290,0.0010,0.3290
RedEdge_w5_mean,K_%,0.3320,0.0009,0.3320
RedEdge_w5_mean,Ca_%,0.0328,0.7496,0.0328
RedEdge_w5_mean,Mg_%,-0.2753,0.0064,0.2753
RedEdge_w5_mean,S_%,0.2125,0.0366,0.2125
RedEdge_w5_mean,Нитраты_мг_кг,0.2366,0.0203,0.2366
RedEdge_w5_mean,Fe_мг_кг,0.3311,0.0009,0.3311
RedEdge_w5_mean,Mn_мг_кг,-0.2016,0.0477,0.2016
RedEdge_w5_mean,Cu_мг_кг,0.1745,0.0874,0.1745
RedEdge_w5_mean,Zn_мг_кг,0.2525,0.0126,0.2525
RedEdge_w5_mean,Co_мг_кг,0.1208,0.4239,0.1208
RedEdge_w5_std,N_%,0.0117,0.9093,0.0117
RedEdge_w5_std,P_%,0.0240,0.8155,0.0240
RedEdge_w5_std,K_%,0.1081,0.2917,0.1081
RedEdge_w5_std,Ca_%,0.1150,0.2618,0.1150
RedEdge_w5_std,Mg_%,-0.0870,0.3969,0.0870
RedEdge_w5_std,S_%,0.0766,0.4559,0.0766
RedEdge_w5_std,Нитраты_мг_кг,0.1299,0.2071,0.1299
RedEdge_w5_std,Fe_мг_кг,0.1304,0.2029,0.1304
RedEdge_w5_std,Mn_мг_кг,0.0631,0.5390,0.0631
RedEdge_w5_std,Cu_мг_кг,0.0997,0.3310,0.0997
RedEdge_w5_std,Zn_мг_кг,0.0844,0.4113,0.0844
RedEdge_w5_std,Co_мг_кг,-0.0496,0.7432,0.0496
RedEdge_w5_median,N_%,0.2651,0.0087,0.2651
RedEdge_w5_median,P_%,0.3302,0.0010,0.3302
RedEdge_w5_median,K_%,0.3300,0.0010,0.3300
RedEdge_w5_median,Ca_%,0.0344,0.7382,0.0344
RedEdge_w5_median,Mg_%,-0.2754,0.0063,0.2754
RedEdge_w5_median,S_%,0.2181,0.0319,0.2181
RedEdge_w5_median,Нитраты_мг_кг,0.2385,0.0193,0.2385
RedEdge_w5_median,Fe_мг_кг,0.3325,0.0009,0.3325
RedEdge_w5_median,Mn_мг_кг,-0.2144,0.0350,0.2144
RedEdge_w5_median,Cu_мг_кг,0.1798,0.0779,0.1798
RedEdge_w5_median,Zn_мг_кг,0.2499,0.0136,0.2499
RedEdge_w5_median,Co_мг_кг,0.1184,0.4331,0.1184
RedEdge_w5_p25,N_%,0.2799,0.0055,0.2799
RedEdge_w5_p25,P_%,0.3505,0.0004,0.3505
RedEdge_w5_p25,K_%,0.3406,0.0006,0.3406
RedEdge_w5_p25,Ca_%,0.0344,0.7380,0.0344
RedEdge_w5_p25,Mg_%,-0.2735,0.0067,0.2735
RedEdge_w5_p25,S_%,0.2261,0.0259,0.2261
RedEdge_w5_p25,Нитраты_мг_кг,0.2427,0.0172,0.2427
RedEdge_w5_p25,Fe_мг_кг,0.3268,0.0011,0.3268
RedEdge_w5_p25,Mn_мг_кг,-0.2309,0.0229,0.2309
RedEdge_w5_p25,Cu_мг_кг,0.1750,0.0865,0.1750
RedEdge_w5_p25,Zn_мг_кг,0.2592,0.0103,0.2592
RedEdge_w5_p25,Co_мг_кг,0.1307,0.3866,0.1307
RedEdge_w5_p75,N_%,0.2520,0.0128,0.2520
RedEdge_w5_p75,P_%,0.3100,0.0020,0.3100
RedEdge_w5_p75,K_%,0.3279,0.0010,0.3279
RedEdge_w5_p75,Ca_%,0.0390,0.7044,0.0390
RedEdge_w5_p75,Mg_%,-0.2734,0.0067,0.2734
RedEdge_w5_p75,S_%,0.2033,0.0458,0.2033
RedEdge_w5_p75,Нитраты_мг_кг,0.2391,0.0190,0.2391
RedEdge_w5_p75,Fe_мг_кг,0.3284,0.0010,0.3284
RedEdge_w5_p75,Mn_мг_кг,-0.1784,0.0804,0.1784
RedEdge_w5_p75,Cu_мг_кг,0.1823,0.0739,0.1823
RedEdge_w5_p75,Zn_мг_кг,0.2560,0.0114,0.2560
RedEdge_w5_p75,Co_мг_кг,0.1090,0.4708,0.1090
RedEdge_w5_cv,N_%,-0.2097,0.0393,0.2097
RedEdge_w5_cv,P_%,-0.2522,0.0127,0.2522
RedEdge_w5_cv,K_%,-0.1765,0.0838,0.1765
RedEdge_w5_cv,Ca_%,0.0521,0.6126,0.0521
RedEdge_w5_cv,Mg_%,0.1587,0.1204,0.1587
RedEdge_w5_cv,S_%,-0.1338,0.1914,0.1338
RedEdge_w5_cv,Нитраты_мг_кг,-0.0627,0.5438,0.0627
RedEdge_w5_cv,Fe_мг_кг,-0.1273,0.2139,0.1273
RedEdge_w5_cv,Mn_мг_кг,0.2740,0.0066,0.2740
RedEdge_w5_cv,Cu_мг_кг,-0.0510,0.6201,0.0510
RedEdge_w5_cv,Zn_мг_кг,-0.1217,0.2350,0.1217
RedEdge_w5_cv,Co_мг_кг,-0.0938,0.5351,0.0938
RedEdge_w5_range,N_%,0.0525,0.6093,0.0525
RedEdge_w5_range,P_%,0.0905,0.3780,0.0905
RedEdge_w5_range,K_%,0.1314,0.1995,0.1314
RedEdge_w5_range,Ca_%,0.1513,0.1392,0.1513
RedEdge_w5_range,Mg_%,-0.0458,0.6559,0.0458
RedEdge_w5_range,S_%,0.1239,0.2265,0.1239
RedEdge_w5_range,Нитраты_мг_кг,0.1541,0.1338,0.1541
RedEdge_w5_range,Fe_мг_кг,0.1472,0.1501,0.1472
RedEdge_w5_range,Mn_мг_кг,0.0125,0.9034,0.0125
RedEdge_w5_range,Cu_мг_кг,0.1040,0.3106,0.1040
RedEdge_w5_range,Zn_мг_кг,0.1053,0.3046,0.1053
RedEdge_w5_range,Co_мг_кг,-0.0251,0.8687,0.0251
NIR_w5_mean,N_%,0.2161,0.0335,0.2161
NIR_w5_mean,P_%,0.4056,0.0000,0.4056
NIR_w5_mean,K_%,0.2962,0.0032,0.2962
NIR_w5_mean,Ca_%,0.0975,0.3419,0.0975
NIR_w5_mean,Mg_%,-0.2157,0.0339,0.2157
NIR_w5_mean,S_%,0.1971,0.0529,0.1971
NIR_w5_mean,Нитраты_мг_кг,0.2939,0.0037,0.2939
NIR_w5_mean,Fe_мг_кг,0.1192,0.2449,0.1192
NIR_w5_mean,Mn_мг_кг,-0.2539,0.0121,0.2539
NIR_w5_mean,Cu_мг_кг,0.2114,0.0377,0.2114
NIR_w5_mean,Zn_мг_кг,0.2795,0.0056,0.2795
NIR_w5_mean,Co_мг_кг,0.0791,0.6012,0.0791
NIR_w5_std,N_%,0.0152,0.8823,0.0152
NIR_w5_std,P_%,0.2305,0.0231,0.2305
NIR_w5_std,K_%,0.0922,0.3692,0.0922
NIR_w5_std,Ca_%,0.2613,0.0097,0.2613
NIR_w5_std,Mg_%,-0.0646,0.5293,0.0646
NIR_w5_std,S_%,0.0712,0.4886,0.0712
NIR_w5_std,Нитраты_мг_кг,0.0704,0.4956,0.0704
NIR_w5_std,Fe_мг_кг,0.0104,0.9196,0.0104
NIR_w5_std,Mn_мг_кг,-0.1332,0.1932,0.1332
NIR_w5_std,Cu_мг_кг,-0.0085,0.9342,0.0085
NIR_w5_std,Zn_мг_кг,0.0235,0.8195,0.0235
NIR_w5_std,Co_мг_кг,-0.0878,0.5616,0.0878
NIR_w5_median,N_%,0.2161,0.0335,0.2161
NIR_w5_median,P_%,0.3966,0.0001,0.3966
NIR_w5_median,K_%,0.2983,0.0030,0.2983
NIR_w5_median,Ca_%,0.0948,0.3558,0.0948
NIR_w5_median,Mg_%,-0.2168,0.0329,0.2168
NIR_w5_median,S_%,0.1939,0.0570,0.1939
NIR_w5_median,Нитраты_мг_кг,0.2970,0.0033,0.2970
NIR_w5_median,Fe_мг_кг,0.1180,0.2496,0.1180
NIR_w5_median,Mn_мг_кг,-0.2475,0.0145,0.2475
NIR_w5_median,Cu_мг_кг,0.2214,0.0293,0.2214
NIR_w5_median,Zn_мг_кг,0.2797,0.0055,0.2797
NIR_w5_median,Co_мг_кг,0.0556,0.7138,0.0556
NIR_w5_p25,N_%,0.2147,0.0347,0.2147
NIR_w5_p25,P_%,0.3954,0.0001,0.3954
NIR_w5_p25,K_%,0.2971,0.0031,0.2971
NIR_w5_p25,Ca_%,0.0674,0.5119,0.0674
NIR_w5_p25,Mg_%,-0.2150,0.0344,0.2150
NIR_w5_p25,S_%,0.1917,0.0599,0.1917
NIR_w5_p25,Нитраты_мг_кг,0.3006,0.0029,0.3006
NIR_w5_p25,Fe_мг_кг,0.1313,0.1998,0.1313
NIR_w5_p25,Mn_мг_кг,-0.2400,0.0179,0.2400
NIR_w5_p25,Cu_мг_кг,0.2139,0.0354,0.2139
NIR_w5_p25,Zn_мг_кг,0.2837,0.0049,0.2837
NIR_w5_p25,Co_мг_кг,0.1275,0.3983,0.1275
NIR_w5_p75,N_%,0.2118,0.0372,0.2118
NIR_w5_p75,P_%,0.4027,0.0000,0.4027
NIR_w5_p75,K_%,0.2876,0.0043,0.2876
NIR_w5_p75,Ca_%,0.1127,0.2718,0.1127
NIR_w5_p75,Mg_%,-0.2092,0.0397,0.2092
NIR_w5_p75,S_%,0.1943,0.0566,0.1943
NIR_w5_p75,Нитраты_мг_кг,0.2813,0.0055,0.2813
NIR_w5_p75,Fe_мг_кг,0.1065,0.2993,0.1065
NIR_w5_p75,Mn_мг_кг,-0.2486,0.0141,0.2486
NIR_w5_p75,Cu_мг_кг,0.2053,0.0437,0.2053
NIR_w5_p75,Zn_мг_кг,0.2719,0.0071,0.2719
NIR_w5_p75,Co_мг_кг,0.0542,0.7203,0.0542
NIR_w5_cv,N_%,-0.0686,0.5042,0.0686
NIR_w5_cv,P_%,-0.1493,0.1443,0.1493
NIR_w5_cv,K_%,-0.1255,0.2205,0.1255
NIR_w5_cv,Ca_%,0.0254,0.8053,0.0254
NIR_w5_cv,Mg_%,0.1076,0.2944,0.1076
NIR_w5_cv,S_%,-0.0844,0.4108,0.0844
NIR_w5_cv,Нитраты_мг_кг,-0.1318,0.2006,0.1318
NIR_w5_cv,Fe_мг_кг,0.0059,0.9546,0.0059
NIR_w5_cv,Mn_мг_кг,0.2134,0.0358,0.2134
NIR_w5_cv,Cu_мг_кг,-0.0406,0.6930,0.0406
NIR_w5_cv,Zn_мг_кг,-0.1360,0.1840,0.1360
NIR_w5_cv,Co_мг_кг,-0.1917,0.2020,0.1917
NIR_w5_range,N_%,-0.0410,0.6898,0.0410
NIR_w5_range,P_%,0.2148,0.0346,0.2148
NIR_w5_range,K_%,0.0804,0.4339,0.0804
NIR_w5_range,Ca_%,0.2707,0.0073,0.2707
NIR_w5_range,Mg_%,-0.0789,0.4425,0.0789
NIR_w5_range,S_%,0.0452,0.6603,0.0452
NIR_w5_range,Нитраты_мг_кг,0.0655,0.5263,0.0655
NIR_w5_range,Fe_мг_кг,0.0181,0.8602,0.0181
NIR_w5_range,Mn_мг_кг,-0.1324,0.1960,0.1324
NIR_w5_range,Cu_мг_кг,-0.0521,0.6121,0.0521
NIR_w5_range,Zn_мг_кг,-0.0262,0.7990,0.0262
NIR_w5_range,Co_мг_кг,-0.0810,0.5924,0.0810
Blue_w7_mean,N_%,0.3043,0.0024,0.3043
Blue_w7_mean,P_%,0.0945,0.3574,0.0945
Blue_w7_mean,K_%,0.2196,0.0306,0.2196
Blue_w7_mean,Ca_%,-0.0481,0.6397,0.0481
Blue_w7_mean,Mg_%,-0.0861,0.4018,0.0861
Blue_w7_mean,S_%,0.1973,0.0528,0.1973
Blue_w7_mean,Нитраты_мг_кг,0.1741,0.0899,0.1741
Blue_w7_mean,Fe_мг_кг,0.3488,0.0005,0.3488
Blue_w7_mean,Mn_мг_кг,-0.0254,0.8048,0.0254
Blue_w7_mean,Cu_мг_кг,0.1788,0.0797,0.1788
Blue_w7_mean,Zn_мг_кг,0.2567,0.0111,0.2567
Blue_w7_mean,Co_мг_кг,0.1654,0.2721,0.1654
Blue_w7_std,N_%,0.2957,0.0033,0.2957
Blue_w7_std,P_%,0.0882,0.3903,0.0882
Blue_w7_std,K_%,0.1852,0.0694,0.1852
Blue_w7_std,Ca_%,0.0459,0.6554,0.0459
Blue_w7_std,Mg_%,0.1208,0.2384,0.1208
Blue_w7_std,S_%,0.2021,0.0471,0.2021
Blue_w7_std,Нитраты_мг_кг,0.1506,0.1429,0.1506
Blue_w7_std,Fe_мг_кг,0.2067,0.0423,0.2067
Blue_w7_std,Mn_мг_кг,-0.0701,0.4951,0.0701
Blue_w7_std,Cu_мг_кг,0.1604,0.1166,0.1604
Blue_w7_std,Zn_мг_кг,0.2287,0.0243,0.2287
Blue_w7_std,Co_мг_кг,0.0681,0.6527,0.0681
Blue_w7_median,N_%,0.3097,0.0020,0.3097
Blue_w7_median,P_%,0.1146,0.2637,0.1146
Blue_w7_median,K_%,0.2366,0.0196,0.2366
Blue_w7_median,Ca_%,-0.0509,0.6208,0.0509
Blue_w7_median,Mg_%,-0.0944,0.3576,0.0944
Blue_w7_median,S_%,0.2096,0.0393,0.2096
Blue_w7_median,Нитраты_мг_кг,0.1876,0.0672,0.1876
Blue_w7_median,Fe_мг_кг,0.3602,0.0003,0.3602
Blue_w7_median,Mn_мг_кг,-0.0292,0.7766,0.0292
Blue_w7_median,Cu_мг_кг,0.1957,0.0547,0.1957
Blue_w7_median,Zn_мг_кг,0.2738,0.0067,0.2738
Blue_w7_median,Co_мг_кг,0.1860,0.2157,0.1860
Blue_w7_p25,N_%,0.2908,0.0039,0.2908
Blue_w7_p25,P_%,0.0936,0.3620,0.0936
Blue_w7_p25,K_%,0.2048,0.0442,0.2048
Blue_w7_p25,Ca_%,-0.0548,0.5937,0.0548
Blue_w7_p25,Mg_%,-0.1173,0.2523,0.1173
Blue_w7_p25,S_%,0.1944,0.0564,0.1944
Blue_w7_p25,Нитраты_мг_кг,0.1744,0.0892,0.1744
Blue_w7_p25,Fe_мг_кг,0.3574,0.0003,0.3574
Blue_w7_p25,Mn_мг_кг,-0.0146,0.8872,0.0146
Blue_w7_p25,Cu_мг_кг,0.1761,0.0845,0.1761
Blue_w7_p25,Zn_мг_кг,0.2449,0.0156,0.2449
Blue_w7_p25,Co_мг_кг,0.1595,0.2897,0.1595
Blue_w7_p75,N_%,0.3139,0.0017,0.3139
Blue_w7_p75,P_%,0.0950,0.3546,0.0950
Blue_w7_p75,K_%,0.2311,0.0228,0.2311
Blue_w7_p75,Ca_%,-0.0445,0.6654,0.0445
Blue_w7_p75,Mg_%,-0.0579,0.5734,0.0579
Blue_w7_p75,S_%,0.2022,0.0470,0.2022
Blue_w7_p75,Нитраты_мг_кг,0.1804,0.0787,0.1804
Blue_w7_p75,Fe_мг_кг,0.3407,0.0006,0.3407
Blue_w7_p75,Mn_мг_кг,-0.0253,0.8055,0.0253
Blue_w7_p75,Cu_мг_кг,0.1852,0.0694,0.1852
Blue_w7_p75,Zn_мг_кг,0.2687,0.0078,0.2687
Blue_w7_p75,Co_мг_кг,0.1723,0.2523,0.1723
Blue_w7_cv,N_%,0.0470,0.6473,0.0470
Blue_w7_cv,P_%,-0.0309,0.7636,0.0309
Blue_w7_cv,K_%,-0.0324,0.7525,0.0324
Blue_w7_cv,Ca_%,0.0510,0.6200,0.0510
Blue_w7_cv,Mg_%,0.2751,0.0064,0.2751
Blue_w7_cv,S_%,0.0348,0.7349,0.0348
Blue_w7_cv,Нитраты_мг_кг,-0.0069,0.9469,0.0069
Blue_w7_cv,Fe_мг_кг,-0.1254,0.2209,0.1254
Blue_w7_cv,Mn_мг_кг,-0.0723,0.4816,0.0723
Blue_w7_cv,Cu_мг_кг,-0.0062,0.9519,0.0062
Blue_w7_cv,Zn_мг_кг,-0.0147,0.8867,0.0147
Blue_w7_cv,Co_мг_кг,-0.1664,0.2690,0.1664
Blue_w7_range,N_%,0.2958,0.0033,0.2958
Blue_w7_range,P_%,0.1012,0.3242,0.1012
Blue_w7_range,K_%,0.1778,0.0815,0.1778
Blue_w7_range,Ca_%,0.0676,0.5108,0.0676
Blue_w7_range,Mg_%,0.0826,0.4214,0.0826
Blue_w7_range,S_%,0.2037,0.0454,0.2037
Blue_w7_range,Нитраты_мг_кг,0.1362,0.1856,0.1362
Blue_w7_range,Fe_мг_кг,0.2282,0.0246,0.2282
Blue_w7_range,Mn_мг_кг,-0.0717,0.4852,0.0717
Blue_w7_range,Cu_мг_кг,0.1414,0.1670,0.1414
Blue_w7_range,Zn_мг_кг,0.2133,0.0359,0.2133
Blue_w7_range,Co_мг_кг,0.0629,0.6780,0.0629
Green_w7_mean,N_%,0.2974,0.0031,0.2974
Green_w7_mean,P_%,0.2440,0.0160,0.2440
Green_w7_mean,K_%,0.2989,0.0029,0.2989
Green_w7_mean,Ca_%,-0.0282,0.7837,0.0282
Green_w7_mean,Mg_%,-0.2148,0.0346,0.2148
Green_w7_mean,S_%,0.2291,0.0240,0.2291
Green_w7_mean,Нитраты_мг_кг,0.2061,0.0440,0.2061
Green_w7_mean,Fe_мг_кг,0.3968,0.0001,0.3968
Green_w7_mean,Mn_мг_кг,-0.1241,0.2257,0.1241
Green_w7_mean,Cu_мг_кг,0.2014,0.0479,0.2014
Green_w7_mean,Zn_мг_кг,0.2680,0.0080,0.2680
Green_w7_mean,Co_мг_кг,0.2034,0.1753,0.2034
Green_w7_std,N_%,0.1943,0.0565,0.1943
Green_w7_std,P_%,0.0955,0.3524,0.0955
Green_w7_std,K_%,0.1567,0.1252,0.1567
Green_w7_std,Ca_%,0.0044,0.9659,0.0044
Green_w7_std,Mg_%,0.0327,0.7502,0.0327
Green_w7_std,S_%,0.1654,0.1053,0.1654
Green_w7_std,Нитраты_мг_кг,0.1657,0.1066,0.1657
Green_w7_std,Fe_мг_кг,0.1988,0.0509,0.1988
Green_w7_std,Mn_мг_кг,-0.0373,0.7166,0.0373
Green_w7_std,Cu_мг_кг,0.1425,0.1637,0.1425
Green_w7_std,Zn_мг_кг,0.1890,0.0637,0.1890
Green_w7_std,Co_мг_кг,0.0442,0.7706,0.0442
Green_w7_median,N_%,0.2983,0.0030,0.2983
Green_w7_median,P_%,0.2537,0.0122,0.2537
Green_w7_median,K_%,0.3092,0.0021,0.3092
Green_w7_median,Ca_%,-0.0206,0.8409,0.0206
Green_w7_median,Mg_%,-0.2242,0.0273,0.2242
Green_w7_median,S_%,0.2327,0.0218,0.2327
Green_w7_median,Нитраты_мг_кг,0.2173,0.0335,0.2173
Green_w7_median,Fe_мг_кг,0.4023,0.0000,0.4023
Green_w7_median,Mn_мг_кг,-0.1171,0.2532,0.1171
Green_w7_median,Cu_мг_кг,0.2046,0.0444,0.2046
Green_w7_median,Zn_мг_кг,0.2691,0.0077,0.2691
Green_w7_median,Co_мг_кг,0.2010,0.1805,0.2010
Green_w7_p25,N_%,0.3051,0.0024,0.3051
Green_w7_p25,P_%,0.2621,0.0095,0.2621
Green_w7_p25,K_%,0.3131,0.0018,0.3131
Green_w7_p25,Ca_%,-0.0269,0.7934,0.0269
Green_w7_p25,Mg_%,-0.2401,0.0179,0.2401
Green_w7_p25,S_%,0.2422,0.0168,0.2422
Green_w7_p25,Нитраты_мг_кг,0.2147,0.0357,0.2147
Green_w7_p25,Fe_мг_кг,0.4020,0.0000,0.4020
Green_w7_p25,Mn_мг_кг,-0.1373,0.1798,0.1373
Green_w7_p25,Cu_мг_кг,0.2077,0.0412,0.2077
Green_w7_p25,Zn_мг_кг,0.2702,0.0074,0.2702
Green_w7_p25,Co_мг_кг,0.2133,0.1547,0.2133
Green_w7_p75,N_%,0.2860,0.0045,0.2860
Green_w7_p75,P_%,0.2332,0.0215,0.2332
Green_w7_p75,K_%,0.2863,0.0045,0.2863
Green_w7_p75,Ca_%,-0.0390,0.7041,0.0390
Green_w7_p75,Mg_%,-0.1928,0.0585,0.1928
Green_w7_p75,S_%,0.2222,0.0287,0.2222
Green_w7_p75,Нитраты_мг_кг,0.2093,0.0407,0.2093
Green_w7_p75,Fe_мг_кг,0.3995,0.0001,0.3995
Green_w7_p75,Mn_мг_кг,-0.1147,0.2634,0.1147
Green_w7_p75,Cu_мг_кг,0.2015,0.0478,0.2015
Green_w7_p75,Zn_мг_кг,0.2656,0.0085,0.2656
Green_w7_p75,Co_мг_кг,0.2162,0.1489,0.2162
Green_w7_cv,N_%,-0.0938,0.3608,0.0938
Green_w7_cv,P_%,-0.1792,0.0790,0.1792
Green_w7_cv,K_%,-0.1596,0.1183,0.1596
Green_w7_cv,Ca_%,-0.0104,0.9191,0.0104
Green_w7_cv,Mg_%,0.3062,0.0023,0.3062
Green_w7_cv,S_%,-0.0438,0.6701,0.0438
Green_w7_cv,Нитраты_мг_кг,-0.0345,0.7387,0.0345
Green_w7_cv,Fe_мг_кг,-0.1691,0.0977,0.1691
Green_w7_cv,Mn_мг_кг,0.1153,0.2608,0.1153
Green_w7_cv,Cu_мг_кг,-0.0562,0.5848,0.0562
Green_w7_cv,Zn_мг_кг,-0.0808,0.4316,0.0808
Green_w7_cv,Co_мг_кг,-0.2059,0.1699,0.2059
Green_w7_range,N_%,0.2129,0.0363,0.2129
Green_w7_range,P_%,0.1226,0.2314,0.1226
Green_w7_range,K_%,0.1706,0.0948,0.1706
Green_w7_range,Ca_%,0.0536,0.6022,0.0536
Green_w7_range,Mg_%,0.0286,0.7806,0.0286
Green_w7_range,S_%,0.1982,0.0516,0.1982
Green_w7_range,Нитраты_мг_кг,0.1648,0.1086,0.1648
Green_w7_range,Fe_мг_кг,0.2069,0.0420,0.2069
Green_w7_range,Mn_мг_кг,-0.0526,0.6087,0.0526
Green_w7_range,Cu_мг_кг,0.1414,0.1671,0.1414
Green_w7_range,Zn_мг_кг,0.1943,0.0566,0.1943
Green_w7_range,Co_мг_кг,-0.0040,0.9787,0.0040
Red_w7_mean,N_%,0.2510,0.0132,0.2510
Red_w7_mean,P_%,0.0782,0.4464,0.0782
Red_w7_mean,K_%,0.1963,0.0540,0.1963
Red_w7_mean,Ca_%,-0.0750,0.4651,0.0750
Red_w7_mean,Mg_%,-0.1193,0.2445,0.1193
Red_w7_mean,S_%,0.1588,0.1203,0.1588
Red_w7_mean,Нитраты_мг_кг,0.1392,0.1761,0.1392
Red_w7_mean,Fe_мг_кг,0.3333,0.0009,0.3333
Red_w7_mean,Mn_мг_кг,0.0221,0.8300,0.0221
Red_w7_mean,Cu_мг_кг,0.1724,0.0912,0.1724
Red_w7_mean,Zn_мг_кг,0.2269,0.0254,0.2269
Red_w7_mean,Co_мг_кг,0.1813,0.2279,0.1813
Red_w7_std,N_%,0.2674,0.0081,0.2674
Red_w7_std,P_%,0.1293,0.2068,0.1293
Red_w7_std,K_%,0.1804,0.0770,0.1804
Red_w7_std,Ca_%,0.1003,0.3282,0.1003
Red_w7_std,Mg_%,0.0608,0.5540,0.0608
Red_w7_std,S_%,0.1972,0.0528,0.1972
Red_w7_std,Нитраты_мг_кг,0.1624,0.1139,0.1624
Red_w7_std,Fe_мг_кг,0.2084,0.0405,0.2084
Red_w7_std,Mn_мг_кг,-0.0822,0.4236,0.0822
Red_w7_std,Cu_мг_кг,0.1273,0.2142,0.1273
Red_w7_std,Zn_мг_кг,0.1924,0.0590,0.1924
Red_w7_std,Co_мг_кг,0.1808,0.2291,0.1808
Red_w7_median,N_%,0.2594,0.0103,0.2594
Red_w7_median,P_%,0.0896,0.3829,0.0896
Red_w7_median,K_%,0.2085,0.0404,0.2085
Red_w7_median,Ca_%,-0.0806,0.4328,0.0806
Red_w7_median,Mg_%,-0.1096,0.2852,0.1096
Red_w7_median,S_%,0.1700,0.0959,0.1700
Red_w7_median,Нитраты_мг_кг,0.1526,0.1377,0.1526
Red_w7_median,Fe_мг_кг,0.3417,0.0006,0.3417
Red_w7_median,Mn_мг_кг,0.0294,0.7750,0.0294
Red_w7_median,Cu_мг_кг,0.1834,0.0721,0.1834
Red_w7_median,Zn_мг_кг,0.2407,0.0175,0.2407
Red_w7_median,Co_мг_кг,0.1928,0.1992,0.1928
Red_w7_p25,N_%,0.2375,0.0192,0.2375
Red_w7_p25,P_%,0.0611,0.5524,0.0611
Red_w7_p25,K_%,0.1822,0.0740,0.1822
Red_w7_p25,Ca_%,-0.0936,0.3619,0.0936
Red_w7_p25,Mg_%,-0.1323,0.1966,0.1323
Red_w7_p25,S_%,0.1475,0.1493,0.1475
Red_w7_p25,Нитраты_мг_кг,0.1334,0.1950,0.1334
Red_w7_p25,Fe_мг_кг,0.3373,0.0007,0.3373
Red_w7_p25,Mn_мг_кг,0.0429,0.6766,0.0429
Red_w7_p25,Cu_мг_кг,0.1708,0.0944,0.1708
Red_w7_p25,Zn_мг_кг,0.2189,0.0313,0.2189
Red_w7_p25,Co_мг_кг,0.1654,0.2719,0.1654
Red_w7_p75,N_%,0.2682,0.0079,0.2682
Red_w7_p75,P_%,0.0930,0.3652,0.0930
Red_w7_p75,K_%,0.2103,0.0386,0.2103
Red_w7_p75,Ca_%,-0.0600,0.5593,0.0600
Red_w7_p75,Mg_%,-0.0988,0.3355,0.0988
Red_w7_p75,S_%,0.1692,0.0975,0.1692
Red_w7_p75,Нитраты_мг_кг,0.1520,0.1394,0.1520
Red_w7_p75,Fe_мг_кг,0.3332,0.0009,0.3332
Red_w7_p75,Mn_мг_кг,0.0066,0.9489,0.0066
Red_w7_p75,Cu_мг_кг,0.1719,0.0922,0.1719
Red_w7_p75,Zn_мг_кг,0.2391,0.0183,0.2391
Red_w7_p75,Co_мг_кг,0.1938,0.1968,0.1938
Red_w7_cv,N_%,0.0196,0.8486,0.0196
Red_w7_cv,P_%,0.0228,0.8242,0.0228
Red_w7_cv,K_%,-0.0772,0.4522,0.0772
Red_w7_cv,Ca_%,0.1478,0.1485,0.1478
Red_w7_cv,Mg_%,0.2462,0.0151,0.2462
Red_w7_cv,S_%,0.0113,0.9123,0.0113
Red_w7_cv,Нитраты_мг_кг,0.0193,0.8519,0.0193
Red_w7_cv,Fe_мг_кг,-0.1153,0.2608,0.1153
Red_w7_cv,Mn_мг_кг,-0.1216,0.2356,0.1216
Red_w7_cv,Cu_мг_кг,-0.0785,0.4447,0.0785
Red_w7_cv,Zn_мг_кг,-0.0862,0.4012,0.0862
Red_w7_cv,Co_мг_кг,0.0261,0.8633,0.0261
Red_w7_range,N_%,0.2629,0.0093,0.2629
Red_w7_range,P_%,0.1242,0.2254,0.1242
Red_w7_range,K_%,0.1879,0.0654,0.1879
Red_w7_range,Ca_%,0.1083,0.2909,0.1083
Red_w7_range,Mg_%,0.0395,0.7010,0.0395
Red_w7_range,S_%,0.1864,0.0675,0.1864
Red_w7_range,Нитраты_мг_кг,0.1847,0.0717,0.1847
Red_w7_range,Fe_мг_кг,0.2152,0.0343,0.2152
Red_w7_range,Mn_мг_кг,-0.0713,0.4880,0.0713
Red_w7_range,Cu_мг_кг,0.1414,0.1672,0.1414
Red_w7_range,Zn_мг_кг,0.1979,0.0520,0.1979
Red_w7_range,Co_мг_кг,0.1748,0.2453,0.1748
RedEdge_w7_mean,N_%,0.2590,0.0104,0.2590
RedEdge_w7_mean,P_%,0.3341,0.0008,0.3341
RedEdge_w7_mean,K_%,0.3292,0.0010,0.3292
RedEdge_w7_mean,Ca_%,0.0300,0.7706,0.0300
RedEdge_w7_mean,Mg_%,-0.2755,0.0063,0.2755
RedEdge_w7_mean,S_%,0.2089,0.0400,0.2089
RedEdge_w7_mean,Нитраты_мг_кг,0.2421,0.0175,0.2421
RedEdge_w7_mean,Fe_мг_кг,0.3347,0.0008,0.3347
RedEdge_w7_mean,Mn_мг_кг,-0.2100,0.0389,0.2100
RedEdge_w7_mean,Cu_мг_кг,0.1678,0.1004,0.1678
RedEdge_w7_mean,Zn_мг_кг,0.2479,0.0144,0.2479
RedEdge_w7_mean,Co_мг_кг,0.1366,0.3655,0.1366
RedEdge_w7_std,N_%,0.0513,0.6178,0.0513
RedEdge_w7_std,P_%,0.1032,0.3144,0.1032
RedEdge_w7_std,K_%,0.1314,0.1996,0.1314
RedEdge_w7_std,Ca_%,0.1161,0.2575,0.1161
RedEdge_w7_std,Mg_%,-0.0785,0.4449,0.0785
RedEdge_w7_std,S_%,0.1070,0.2970,0.1070
RedEdge_w7_std,Нитраты_мг_кг,0.1503,0.1438,0.1503
RedEdge_w7_std,Fe_мг_кг,0.1175,0.2519,0.1175
RedEdge_w7_std,Mn_мг_кг,-0.0050,0.9609,0.0050
RedEdge_w7_std,Cu_мг_кг,0.1485,0.1465,0.1485
RedEdge_w7_std,Zn_мг_кг,0.1209,0.2382,0.1209
RedEdge_w7_std,Co_мг_кг,-0.0510,0.7366,0.0510
RedEdge_w7_median,N_%,0.2574,0.0109,0.2574
RedEdge_w7_median,P_%,0.3375,0.0007,0.3375
RedEdge_w7_median,K_%,0.3318,0.0009,0.3318
RedEdge_w7_median,Ca_%,0.0342,0.7392,0.0342
RedEdge_w7_median,Mg_%,-0.2861,0.0045,0.2861
RedEdge_w7_median,S_%,0.2089,0.0400,0.2089
RedEdge_w7_median,Нитраты_мг_кг,0.2461,0.0157,0.2461
RedEdge_w7_median,Fe_мг_кг,0.3347,0.0008,0.3347
RedEdge_w7_median,Mn_мг_кг,-0.2171,0.0327,0.2171
RedEdge_w7_median,Cu_мг_кг,0.1806,0.0767,0.1806
RedEdge_w7_median,Zn_мг_кг,0.2502,0.0134,0.2502
RedEdge_w7_median,Co_мг_кг,0.1269,0.4007,0.1269
RedEdge_w7_p25,N_%,0.2704,0.0074,0.2704
RedEdge_w7_p25,P_%,0.3468,0.0005,0.3468
RedEdge_w7_p25,K_%,0.3381,0.0007,0.3381
RedEdge_w7_p25,Ca_%,0.0279,0.7861,0.0279
RedEdge_w7_p25,Mg_%,-0.2797,0.0055,0.2797
RedEdge_w7_p25,S_%,0.2089,0.0400,0.2089
RedEdge_w7_p25,Нитраты_мг_кг,0.2460,0.0157,0.2460
RedEdge_w7_p25,Fe_мг_кг,0.3419,0.0006,0.3419
RedEdge_w7_p25,Mn_мг_кг,-0.2304,0.0232,0.2304
RedEdge_w7_p25,Cu_мг_кг,0.1603,0.1168,0.1603
RedEdge_w7_p25,Zn_мг_кг,0.2485,0.0141,0.2485
RedEdge_w7_p25,Co_мг_кг,0.1551,0.3033,0.1551
RedEdge_w7_p75,N_%,0.2433,0.0163,0.2433
RedEdge_w7_p75,P_%,0.3211,0.0013,0.3211
RedEdge_w7_p75,K_%,0.3211,0.0013,0.3211
RedEdge_w7_p75,Ca_%,0.0356,0.7296,0.0356
RedEdge_w7_p75,Mg_%,-0.2744,0.0065,0.2744
RedEdge_w7_p75,S_%,0.2028,0.0463,0.2028
RedEdge_w7_p75,Нитраты_мг_кг,0.2434,0.0169,0.2434
RedEdge_w7_p75,Fe_мг_кг,0.3274,0.0011,0.3274
RedEdge_w7_p75,Mn_мг_кг,-0.1939,0.0570,0.1939
RedEdge_w7_p75,Cu_мг_кг,0.1726,0.0908,0.1726
RedEdge_w7_p75,Zn_мг_кг,0.2433,0.0163,0.2433
RedEdge_w7_p75,Co_мг_кг,0.1290,0.3930,0.1290
RedEdge_w7_cv,N_%,-0.2102,0.0388,0.2102
RedEdge_w7_cv,P_%,-0.2424,0.0167,0.2424
RedEdge_w7_cv,K_%,-0.2025,0.0467,0.2025
RedEdge_w7_cv,Ca_%,0.0723,0.4816,0.0723
RedEdge_w7_cv,Mg_%,0.2202,0.0302,0.2202
RedEdge_w7_cv,S_%,-0.1172,0.2528,0.1172
RedEdge_w7_cv,Нитраты_мг_кг,-0.0794,0.4421,0.0794
RedEdge_w7_cv,Fe_мг_кг,-0.1805,0.0768,0.1805
RedEdge_w7_cv,Mn_мг_кг,0.2524,0.0126,0.2524
RedEdge_w7_cv,Cu_мг_кг,-0.0371,0.7180,0.0371
RedEdge_w7_cv,Zn_мг_кг,-0.1319,0.1976,0.1319
RedEdge_w7_cv,Co_мг_кг,-0.1487,0.3239,0.1487
RedEdge_w7_range,N_%,0.0916,0.3721,0.0916
RedEdge_w7_range,P_%,0.1523,0.1363,0.1523
RedEdge_w7_range,K_%,0.1729,0.0904,0.1729
RedEdge_w7_range,Ca_%,0.1230,0.2300,0.1230
RedEdge_w7_range,Mg_%,-0.0817,0.4262,0.0817
RedEdge_w7_range,S_%,0.1366,0.1822,0.1366
RedEdge_w7_range,Нитраты_мг_кг,0.1750,0.0882,0.1750
RedEdge_w7_range,Fe_мг_кг,0.1414,0.1670,0.1414
RedEdge_w7_range,Mn_мг_кг,-0.0766,0.4558,0.0766
RedEdge_w7_range,Cu_мг_кг,0.1832,0.0725,0.1832
RedEdge_w7_range,Zn_мг_кг,0.1654,0.1054,0.1654
RedEdge_w7_range,Co_мг_кг,-0.0076,0.9601,0.0076
NIR_w7_mean,N_%,0.2089,0.0400,0.2089
NIR_w7_mean,P_%,0.4060,0.0000,0.4060
NIR_w7_mean,K_%,0.2930,0.0036,0.2930
NIR_w7_mean,Ca_%,0.1121,0.2743,0.1121
NIR_w7_mean,Mg_%,-0.2135,0.0357,0.2135
NIR_w7_mean,S_%,0.1913,0.0605,0.1913
NIR_w7_mean,Нитраты_мг_кг,0.2942,0.0036,0.2942
NIR_w7_mean,Fe_мг_кг,0.1382,0.1771,0.1382
NIR_w7_mean,Mn_мг_кг,-0.2544,0.0119,0.2544
NIR_w7_mean,Cu_мг_кг,0.1969,0.0533,0.1969
NIR_w7_mean,Zn_мг_кг,0.2786,0.0057,0.2786
NIR_w7_mean,Co_мг_кг,0.0709,0.6396,0.0709
NIR_w7_std,N_%,-0.0103,0.9200,0.0103
NIR_w7_std,P_%,0.2387,0.0186,0.2387
NIR_w7_std,K_%,0.0756,0.4619,0.0756
NIR_w7_std,Ca_%,0.2580,0.0107,0.2580
NIR_w7_std,Mg_%,-0.0981,0.3390,0.0981
NIR_w7_std,S_%,0.0633,0.5378,0.0633
NIR_w7_std,Нитраты_мг_кг,0.0597,0.5637,0.0597
NIR_w7_std,Fe_мг_кг,-0.0417,0.6850,0.0417
NIR_w7_std,Mn_мг_кг,-0.1511,0.1395,0.1511
NIR_w7_std,Cu_мг_кг,-0.0098,0.9242,0.0098
NIR_w7_std,Zn_мг_кг,0.0027,0.9791,0.0027
NIR_w7_std,Co_мг_кг,-0.0959,0.5259,0.0959
NIR_w7_median,N_%,0.2039,0.0451,0.2039
NIR_w7_median,P_%,0.3952,0.0001,0.3952
NIR_w7_median,K_%,0.2925,0.0036,0.2925
NIR_w7_median,Ca_%,0.0959,0.3502,0.0959
NIR_w7_median,Mg_%,-0.2300,0.0234,0.2300
NIR_w7_median,S_%,0.1835,0.0720,0.1835
NIR_w7_median,Нитраты_мг_кг,0.2934,0.0037,0.2934
NIR_w7_median,Fe_мг_кг,0.1326,0.1955,0.1326
NIR_w7_median,Mn_мг_кг,-0.2513,0.0130,0.2513
NIR_w7_median,Cu_мг_кг,0.2165,0.0332,0.2165
NIR_w7_median,Zn_мг_кг,0.2788,0.0057,0.2788
NIR_w7_median,Co_мг_кг,0.0504,0.7395,0.0504
NIR_w7_p25,N_%,0.2314,0.0226,0.2314
NIR_w7_p25,P_%,0.4090,0.0000,0.4090
NIR_w7_p25,K_%,0.3132,0.0018,0.3132
NIR_w7_p25,Ca_%,0.0872,0.3957,0.0872
NIR_w7_p25,Mg_%,-0.2128,0.0364,0.2128
NIR_w7_p25,S_%,0.2048,0.0442,0.2048
NIR_w7_p25,Нитраты_мг_кг,0.3155,0.0017,0.3155
NIR_w7_p25,Fe_мг_кг,0.1560,0.1271,0.1560
NIR_w7_p25,Mn_мг_кг,-0.2541,0.0120,0.2541
NIR_w7_p25,Cu_мг_кг,0.2148,0.0346,0.2148
NIR_w7_p25,Zn_мг_кг,0.3055,0.0023,0.3055
NIR_w7_p25,Co_мг_кг,0.0981,0.5167,0.0981
NIR_w7_p75,N_%,0.1920,0.0596,0.1920
NIR_w7_p75,P_%,0.4026,0.0000,0.4026
NIR_w7_p75,K_%,0.2823,0.0051,0.2823
NIR_w7_p75,Ca_%,0.1225,0.2320,0.1225
NIR_w7_p75,Mg_%,-0.2203,0.0301,0.2203
NIR_w7_p75,S_%,0.1827,0.0733,0.1827
NIR_w7_p75,Нитраты_мг_кг,0.2785,0.0060,0.2785
NIR_w7_p75,Fe_мг_кг,0.1214,0.2362,0.1214
NIR_w7_p75,Mn_мг_кг,-0.2467,0.0148,0.2467
NIR_w7_p75,Cu_мг_кг,0.1888,0.0640,0.1888
NIR_w7_p75,Zn_мг_кг,0.2640,0.0090,0.2640
NIR_w7_p75,Co_мг_кг,0.0355,0.8147,0.0355
NIR_w7_cv,N_%,-0.0955,0.3519,0.0955
NIR_w7_cv,P_%,-0.1791,0.0791,0.1791
NIR_w7_cv,K_%,-0.1455,0.1551,0.1455
NIR_w7_cv,Ca_%,0.0030,0.9766,0.0030
NIR_w7_cv,Mg_%,0.0942,0.3587,0.0942
NIR_w7_cv,S_%,-0.0933,0.3633,0.0933
NIR_w7_cv,Нитраты_мг_кг,-0.1477,0.1510,0.1477
NIR_w7_cv,Fe_мг_кг,-0.0233,0.8211,0.0233
NIR_w7_cv,Mn_мг_кг,0.2015,0.0478,0.2015
NIR_w7_cv,Cu_мг_кг,-0.0535,0.6030,0.0535
NIR_w7_cv,Zn_мг_кг,-0.1648,0.1067,0.1648
NIR_w7_cv,Co_мг_кг,-0.2009,0.1807,0.2009
NIR_w7_range,N_%,-0.0302,0.7692,0.0302
NIR_w7_range,P_%,0.2314,0.0226,0.2314
NIR_w7_range,K_%,0.0524,0.6101,0.0524
NIR_w7_range,Ca_%,0.2702,0.0074,0.2702
NIR_w7_range,Mg_%,-0.1007,0.3263,0.1007
NIR_w7_range,S_%,0.0680,0.5081,0.0680
NIR_w7_range,Нитраты_мг_кг,0.0672,0.5155,0.0672
NIR_w7_range,Fe_мг_кг,0.0054,0.9578,0.0054
NIR_w7_range,Mn_мг_кг,-0.1420,0.1653,0.1420
NIR_w7_range,Cu_мг_кг,-0.0424,0.6799,0.0424
NIR_w7_range,Zn_мг_кг,-0.0333,0.7458,0.0333
NIR_w7_range,Co_мг_кг,-0.0291,0.8480,0.0291
